date,weekday,selection,rank,market,relative_best_hall,predicted_mean,adjusted_edge,utility_edge,travel_minutes,travel_penalty,confidence,reason,risk_flags,shibuya_pick,shibuya_rank,toyoko_pick,toyoko_rank,mizonokuchi_pick,mizonokuchi_rank,fukutoshin_pick,fukutoshin_rank,ikegami_pick,ikegami_rank,kamata_pick,kamata_rank,keikyu_pick,keikyu_rank,ooimachi_pick,ooimachi_rank,yokohama_pick,yokohama_rank,tsurumi_pick,tsurumi_rank,kawasaki_pick,kawasaki_rank,center_minami_pick,center_minami_rank,kashimada_pick,kashimada_rank
2026-07-15,水,マルハンメガシティ2000蒲田7,B,蒲田,マルハンメガシティ2000蒲田7,91.0,41.0,33.0,18,8.0,0.9184,通常ベース,[],見送り,NO BET,見送り,NO BET,見送り,NO BET,見送り,NO BET,BIGディッパー戸越銀座店,B,マルハンメガシティ2000蒲田7,B,見送り,NO BET,見送り,NO BET,見送り,NO BET,見送り,NO BET,見送り,NO BET,見送り,NO BET,見送り,NO BET
2026-07-16,木,マルハン新宿東宝ビル店,A,副都心線北上,マルハン新宿東宝ビル店,123.1,73.1,45.1,38,28.0,0.8182,6のつく日・補助,[],見送り,NO BET,見送り,NO BET,見送り,NO BET,マルハン新宿東宝ビル店,A,見送り,NO BET,マルハンメガシティ2000蒲田7,B,見送り,NO BET,見送り,NO BET,見送り,NO BET,見送り,NO BET,見送り,NO BET,見送り,NO BET,見送り,NO BET
2026-07-17,金,YASUDA7（東池袋7号店）,S,副都心線北上,YASUDA7（東池袋7号店）,213.7,163.7,135.7,38,28.0,0.7037,7のつく日,[],見送り,NO BET,見送り,NO BET,見送り,NO BET,YASUDA7（東池袋7号店）,S,BIGディッパー戸越銀座店,B,マルハンメガシティ2000蒲田7,A,みとや大森町店,A,見送り,NO BET,見送り,NO BET,見送り,NO BET,見送り,NO BET,見送り,NO BET,見送り,NO BET
2026-07-18,土,マルハンメガシティ2000蒲田7,A,蒲田,マルハンメガシティ2000蒲田7,159.8,109.8,101.8,18,8.0,0.6667,土曜,[],見送り,NO BET,見送り,NO BET,見送り,NO BET,見送り,NO BET,見送り,NO BET,マルハンメガシティ2000蒲田7,A,見送り,NO BET,BIGディッパー大井町店,A,見送り,NO BET,見送り,NO BET,見送り,NO BET,見送り,NO BET,見送り,NO BET
2026-07-19,日,エスパス日拓渋谷駅前新館,S,渋谷,エスパス日拓渋谷駅前新館,217.1,167.1,155.1,22,12.0,0.619,本館閉店後の日曜,[],エスパス日拓渋谷駅前新館,S,見送り,NO BET,見送り,NO BET,見送り,NO BET,BIGディッパー戸越銀座店,B,見送り,C,見送り,NO BET,見送り,NO BET,見送り,NO BET,見送り,NO BET,見送り,NO BET,見送り,NO BET,見送り,NO BET
2026-07-20,月,BIGディッパー戸越銀座店,B,池上線,BIGディッパー戸越銀座店,169.6,119.6,111.6,18,8.0,0.6522,1日・20日（絶対水準）,"[""祝日""]",見送り,NO BET,見送り,NO BET,見送り,NO BET,見送り,NO BET,BIGディッパー戸越銀座店,B,マルハンメガシティ2000蒲田7,B,見送り,NO BET,見送り,NO BET,見送り,NO BET,見送り,NO BET,見送り,NO BET,見送り,NO BET,見送り,NO BET
2026-07-21,火,マルハン池袋 SLOT BASE,S,副都心線北上,マルハン池袋 SLOT BASE,431.4,381.4,353.4,38,28.0,0.5294,21日,[],見送り,NO BET,見送り,NO BET,見送り,NO BET,マルハン池袋 SLOT BASE,S,見送り,NO BET,マルハンメガシティ2000蒲田7,B,見送り,NO BET,見送り,NO BET,見送り,NO BET,見送り,NO BET,見送り,NO BET,見送り,NO BET,見送り,NO BET
2026-07-22,水,マルハン池袋 SLOT BASE,A,副都心線北上,マルハン池袋 SLOT BASE,189.1,139.1,111.1,38,28.0,0.5294,22日,[],エスパス日拓渋谷駅前新館,A,見送り,NO BET,見送り,NO BET,マルハン池袋 SLOT BASE,A,見送り,NO BET,マルハンメガシティ2000蒲田7,B,見送り,NO BET,見送り,NO BET,見送り,NO BET,見送り,NO BET,見送り,NO BET,見送り,NO BET,見送り,C
2026-07-23,木,マルハン新宿東宝ビル店,A,副都心線北上,マルハン新宿東宝ビル店,158.5,108.5,80.5,38,28.0,0.6,23日・やばたにえん,[],見送り,NO BET,見送り,NO BET,エスパス日拓溝の口駅前新館,A,マルハン新宿東宝ビル店,A,BIGディッパー戸越銀座店,B,マルハンメガシティ2000蒲田7,B,見送り,NO BET,見送り,NO BET,見送り,NO BET,見送り,NO BET,見送り,NO BET,見送り,NO BET,見送り,NO BET
2026-07-24,金,みとや大森町店,A,京急線,みとや大森町店,163.0,113.0,75.0,48,38.0,0.7037,4のつく日,[],見送り,NO BET,見送り,NO BET,見送り,NO BET,マルハン新宿東宝ビル店,A,見送り,NO BET,マルハンメガシティ2000蒲田7,B,みとや大森町店,A,見送り,NO BET,見送り,NO BET,見送り,NO BET,見送り,NO BET,見送り,NO BET,見送り,NO BET
2026-07-25,土,マルハンメガシティ2000蒲田7,A,蒲田,マルハンメガシティ2000蒲田7,159.8,109.8,101.8,18,8.0,0.6667,土曜,[],見送り,NO BET,見送り,NO BET,見送り,NO BET,見送り,NO BET,BIGディッパー戸越銀座店,B,マルハンメガシティ2000蒲田7,A,見送り,NO BET,見送り,NO BET,見送り,NO BET,見送り,NO BET,見送り,NO BET,見送り,NO BET,見送り,NO BET
2026-07-26,日,エスパス日拓渋谷駅前新館,S,渋谷,エスパス日拓渋谷駅前新館,217.1,167.1,155.1,22,12.0,0.619,本館閉店後の日曜,[],エスパス日拓渋谷駅前新館,S,見送り,NO BET,見送り,NO BET,マルハン池袋 SLOT BASE,A,見送り,NO BET,見送り,C,見送り,NO BET,見送り,NO BET,見送り,NO BET,見送り,NO BET,見送り,NO BET,見送り,NO BET,見送り,NO BET
2026-07-27,月,YASUDA7（東池袋7号店）,S,副都心線北上,YASUDA7（東池袋7号店）,213.7,163.7,135.7,38,28.0,0.7037,7のつく日,[],エスパス日拓渋谷駅前新館,A,見送り,NO BET,見送り,NO BET,YASUDA7（東池袋7号店）,S,BIGディッパー戸越銀座店,B,マルハンメガシティ2000蒲田7,A,みとや大森町店,A,見送り,NO BET,見送り,NO BET,南武線尻手駅前店,A,見送り,NO BET,見送り,NO BET,見送り,NO BET
2026-07-28,火,マルハン池袋 SLOT BASE,S,副都心線北上,マルハン池袋 SLOT BASE,225.1,175.1,147.1,38,28.0,0.5294,28日,[],楽園渋谷道玄坂店,A,見送り,NO BET,見送り,NO BET,マルハン池袋 SLOT BASE,S,見送り,NO BET,マルハンメガシティ2000蒲田7,B,見送り,NO BET,見送り,NO BET,見送り,NO BET,見送り,NO BET,ベルシティザシティ川崎店,A,見送り,NO BET,見送り,NO BET
2026-07-29,水,BIGディッパー戸越銀座店,B,池上線,BIGディッパー戸越銀座店,92.9,42.9,34.9,18,8.0,0.7241,9のつく日（絶対水準B）,[],見送り,NO BET,見送り,NO BET,見送り,NO BET,見送り,NO BET,BIGディッパー戸越銀座店,B,マルハンメガシティ2000蒲田7,B,見送り,NO BET,見送り,NO BET,見送り,NO BET,見送り,NO BET,見送り,NO BET,見送り,NO BET,見送り,NO BET
2026-07-30,木,マルハンメガシティ2000蒲田7,S,蒲田,マルハンメガシティ2000蒲田7,271.0,221.0,213.0,18,8.0,0.5294,30日,[],見送り,NO BET,見送り,NO BET,見送り,NO BET,見送り,NO BET,見送り,NO BET,マルハンメガシティ2000蒲田7,S,見送り,NO BET,見送り,NO BET,見送り,NO BET,見送り,NO BET,見送り,NO BET,見送り,NO BET,見送り,NO BET
2026-07-31,金,マルハン新宿東宝ビル店,A,副都心線北上,マルハン新宿東宝ビル店,239.1,189.1,161.1,38,28.0,0.4667,31日・隠れ看板,[],見送り,NO BET,見送り,NO BET,見送り,NO BET,マルハン新宿東宝ビル店,A,見送り,NO BET,見送り,NO BET,見送り,NO BET,見送り,NO BET,見送り,NO BET,見送り,NO BET,見送り,NO BET,見送り,NO BET,見送り,NO BET
2026-08-01,土,BIGディッパー戸越銀座店,A,池上線,BIGディッパー戸越銀座店,169.6,119.6,111.6,18,8.0,0.6522,1日・20日（絶対水準）,[],エスパス日拓渋谷駅前新館,B,見送り,NO BET,見送り,NO BET,マルハン新宿東宝ビル店,B,BIGディッパー戸越銀座店,A,マルハンメガシティ2000蒲田7,A,見送り,NO BET,見送り,NO BET,見送り,NO BET,見送り,NO BET,見送り,NO BET,見送り,NO BET,見送り,NO BET
2026-08-02,日,エスパス日拓渋谷駅前新館,S,渋谷,エスパス日拓渋谷駅前新館,217.1,167.1,155.1,22,12.0,0.619,本館閉店後の日曜,[],エスパス日拓渋谷駅前新館,S,見送り,NO BET,見送り,NO BET,見送り,NO BET,見送り,NO BET,見送り,C,見送り,NO BET,見送り,NO BET,見送り,NO BET,見送り,NO BET,見送り,NO BET,見送り,NO BET,アサヒ2鹿島田店,A
2026-08-03,月,マルハンメガシティ2000蒲田7,B,蒲田,マルハンメガシティ2000蒲田7,91.0,41.0,33.0,18,8.0,0.9184,通常ベース,[],見送り,NO BET,見送り,NO BET,見送り,NO BET,見送り,NO BET,BIGディッパー戸越銀座店,B,マルハンメガシティ2000蒲田7,B,見送り,NO BET,見送り,NO BET,見送り,NO BET,見送り,NO BET,見送り,NO BET,見送り,NO BET,見送り,NO BET
2026-08-04,火,みとや大森町店,A,京急線,みとや大森町店,163.0,113.0,75.0,48,38.0,0.7037,4のつく日,[],見送り,NO BET,見送り,NO BET,見送り,NO BET,見送り,NO BET,見送り,NO BET,マルハンメガシティ2000蒲田7,B,みとや大森町店,A,見送り,NO BET,見送り,NO BET,見送り,NO BET,見送り,NO BET,見送り,NO BET,見送り,NO BET
2026-08-05,水,エスパス日拓渋谷駅前新館,S,渋谷,エスパス日拓渋谷駅前新館,213.2,163.2,151.2,22,12.0,0.6,5日,[],エスパス日拓渋谷駅前新館,S,見送り,NO BET,見送り,NO BET,見送り,NO BET,BIGディッパー戸越銀座店,B,マルハンメガシティ2000蒲田7,B,見送り,NO BET,見送り,NO BET,見送り,NO BET,見送り,NO BET,見送り,NO BET,見送り,NO BET,見送り,NO BET
2026-08-06,木,マルハン新宿東宝ビル店,A,副都心線北上,マルハン新宿東宝ビル店,123.1,73.1,45.1,38,28.0,0.8182,6のつく日・補助,[],見送り,NO BET,見送り,NO BET,見送り,NO BET,マルハン新宿東宝ビル店,A,見送り,NO BET,マルハンメガシティ2000蒲田7,B,見送り,NO BET,見送り,NO BET,見送り,NO BET,見送り,NO BET,見送り,NO BET,見送り,NO BET,見送り,NO BET
2026-08-07,金,YASUDA7（東池袋7号店）,S,副都心線北上,YASUDA7（東池袋7号店）,213.7,163.7,135.7,38,28.0,0.7037,7のつく日,[],見送り,NO BET,見送り,NO BET,見送り,NO BET,YASUDA7（東池袋7号店）,S,BIGディッパー戸越銀座店,B,マルハンメガシティ2000蒲田7,A,みとや大森町店,A,見送り,NO BET,見送り,NO BET,見送り,NO BET,見送り,NO BET,見送り,NO BET,見送り,NO BET
2026-08-08,土,マルハンメガシティ2000蒲田7,A,蒲田,マルハンメガシティ2000蒲田7,185.2,135.2,127.2,18,8.0,0.4286,ゾロ目,[],エスパス日拓渋谷駅前新館,B,見送り,C,見送り,C,見送り,C,見送り,NO BET,マルハンメガシティ2000蒲田7,A,見送り,NO BET,見送り,NO BET,見送り,NO BET,見送り,NO BET,見送り,NO BET,見送り,NO BET,見送り,NO BET
2026-08-09,日,エスパス日拓渋谷駅前新館,A,渋谷,エスパス日拓渋谷駅前新館,217.1,167.1,155.1,22,12.0,0.619,本館閉店後の日曜,"[""盆帯""]",エスパス日拓渋谷駅前新館,A,見送り,NO BET,見送り,NO BET,見送り,NO BET,見送り,C,見送り,C,見送り,NO BET,見送り,NO BET,見送り,NO BET,見送り,NO BET,見送り,NO BET,見送り,NO BET,見送り,NO BET
2026-08-10,月,マルハンメガシティ2000蒲田7,B,蒲田,マルハンメガシティ2000蒲田7,94.2,44.2,36.2,18,8.0,0.1111,蒲田1周年連動・相対谷,[],見送り,NO BET,見送り,NO BET,見送り,NO BET,見送り,NO BET,見送り,NO BET,マルハンメガシティ2000蒲田7,B,見送り,NO BET,見送り,NO BET,見送り,NO BET,鶴見UNO,B,見送り,NO BET,見送り,NO BET,見送り,NO BET
2026-08-11,火,マルハンメガシティ2000 蒲田1,A,蒲田,マルハンメガシティ2000 蒲田1,159.2,109.2,101.2,18,8.0,0.4667,11日,[],エスパス日拓渋谷駅前新館,B,見送り,NO BET,見送り,NO BET,見送り,C,見送り,NO BET,マルハンメガシティ2000 蒲田1,A,見送り,NO BET,見送り,NO BET,見送り,NO BET,見送り,NO BET,見送り,NO BET,見送り,NO BET,見送り,NO BET
2026-08-12,水,マルハンメガシティ2000蒲田7,B,蒲田,マルハンメガシティ2000蒲田7,91.0,41.0,33.0,18,8.0,0.9184,通常ベース,[],見送り,NO BET,見送り,NO BET,見送り,NO BET,見送り,NO BET,見送り,NO BET,マルハンメガシティ2000蒲田7,B,見送り,NO BET,見送り,NO BET,見送り,NO BET,見送り,NO BET,見送り,NO BET,見送り,NO BET,見送り,NO BET
2026-08-13,木,マルハンメガシティ2000蒲田7,B,蒲田,マルハンメガシティ2000蒲田7,91.0,41.0,33.0,18,8.0,0.9184,通常ベース,[],見送り,NO BET,見送り,NO BET,見送り,NO BET,見送り,NO BET,見送り,C,マルハンメガシティ2000蒲田7,B,見送り,NO BET,見送り,NO BET,見送り,NO BET,見送り,NO BET,見送り,NO BET,見送り,NO BET,見送り,NO BET
2026-08-14,金,みとや大森町店,B,京急線,みとや大森町店,163.0,113.0,75.0,48,38.0,0.7037,4のつく日,"[""盆帯""]",見送り,NO BET,見送り,NO BET,見送り,NO BET,見送り,NO BET,見送り,NO BET,マルハンメガシティ2000蒲田7,B,みとや大森町店,B,見送り,NO BET,見送り,NO BET,見送り,NO BET,見送り,NO BET,見送り,NO BET,見送り,NO BET
2026-08-15,土,マルハンメガシティ2000蒲田7,A,蒲田,マルハンメガシティ2000蒲田7,159.8,109.8,101.8,18,8.0,0.6667,土曜,[],見送り,NO BET,見送り,NO BET,見送り,NO BET,見送り,NO BET,見送り,C,マルハンメガシティ2000蒲田7,A,見送り,NO BET,BIGディッパー大井町店,B,見送り,NO BET,見送り,NO BET,見送り,NO BET,見送り,NO BET,見送り,NO BET
2026-08-16,日,エスパス日拓渋谷駅前新館,A,渋谷,エスパス日拓渋谷駅前新館,217.1,167.1,155.1,22,12.0,0.6164,本館閉店後の日曜,"[""盆帯""]",エスパス日拓渋谷駅前新館,A,見送り,NO BET,見送り,NO BET,マルハン新宿東宝ビル店,B,見送り,NO BET,見送り,C,見送り,NO BET,見送り,NO BET,見送り,NO BET,見送り,NO BET,見送り,NO BET,見送り,NO BET,見送り,NO BET
2026-08-17,月,YASUDA7（東池袋7号店）,S,副都心線北上,YASUDA7（東池袋7号店）,213.7,163.7,135.7,38,28.0,0.6979,7のつく日,[],見送り,NO BET,見送り,NO BET,見送り,NO BET,YASUDA7（東池袋7号店）,S,BIGディッパー戸越銀座店,B,マルハンメガシティ2000蒲田7,A,みとや大森町店,A,見送り,NO BET,見送り,NO BET,見送り,NO BET,見送り,NO BET,見送り,NO BET,見送り,NO BET
2026-08-18,火,ベルシティザシティ川崎店,A,川崎,ベルシティザシティ川崎店,77.0,77.0,49.0,38,28.0,0.3798,平日の8のつく日・直近上昇レジーム,[],見送り,NO BET,見送り,NO BET,見送り,NO BET,見送り,NO BET,見送り,NO BET,マルハンメガシティ2000蒲田7,B,見送り,NO BET,見送り,NO BET,見送り,NO BET,見送り,NO BET,ベルシティザシティ川崎店,A,見送り,NO BET,見送り,NO BET
2026-08-19,水,BIGディッパー戸越銀座店,B,池上線,BIGディッパー戸越銀座店,92.9,42.9,34.9,18,8.0,0.7121,9のつく日（絶対水準B）,[],見送り,NO BET,見送り,NO BET,見送り,NO BET,見送り,NO BET,BIGディッパー戸越銀座店,B,マルハンメガシティ2000蒲田7,B,見送り,NO BET,見送り,NO BET,見送り,NO BET,見送り,NO BET,見送り,NO BET,見送り,NO BET,見送り,NO BET
2026-08-20,木,BIGディッパー戸越銀座店,A,池上線,BIGディッパー戸越銀座店,169.6,119.6,111.6,18,8.0,0.6388,1日・20日（絶対水準）,[],見送り,NO BET,見送り,NO BET,見送り,NO BET,見送り,NO BET,BIGディッパー戸越銀座店,A,マルハンメガシティ2000蒲田7,B,見送り,NO BET,見送り,NO BET,見送り,NO BET,見送り,NO BET,見送り,NO BET,見送り,NO BET,見送り,NO BET
2026-08-21,金,マルハン池袋 SLOT BASE,S,副都心線北上,マルハン池袋 SLOT BASE,431.4,381.4,353.4,38,28.0,0.5163,21日,[],見送り,NO BET,見送り,NO BET,見送り,NO BET,マルハン池袋 SLOT BASE,S,見送り,NO BET,マルハンメガシティ2000蒲田7,B,見送り,NO BET,見送り,NO BET,見送り,NO BET,見送り,NO BET,見送り,NO BET,見送り,NO BET,見送り,NO BET
2026-08-22,土,マルハン池袋 SLOT BASE,A,副都心線北上,マルハン池袋 SLOT BASE,189.1,139.1,111.1,38,28.0,0.5142,22日,[],エスパス日拓渋谷駅前新館,A,見送り,NO BET,見送り,NO BET,マルハン池袋 SLOT BASE,A,見送り,NO BET,マルハンメガシティ2000蒲田7,A,見送り,NO BET,見送り,NO BET,見送り,NO BET,見送り,NO BET,見送り,NO BET,見送り,NO BET,見送り,C
2026-08-23,日,エスパス日拓渋谷駅前新館,S,渋谷,エスパス日拓渋谷駅前新館,217.1,167.1,155.1,22,12.0,0.5987,本館閉店後の日曜,[],エスパス日拓渋谷駅前新館,S,見送り,NO BET,エスパス日拓溝の口駅前新館,B,マルハン新宿東宝ビル店,A,BIGディッパー戸越銀座店,B,見送り,C,見送り,NO BET,見送り,NO BET,見送り,NO BET,見送り,NO BET,見送り,NO BET,見送り,NO BET,見送り,NO BET
2026-08-24,月,みとや大森町店,A,京急線,みとや大森町店,163.0,113.0,75.0,48,38.0,0.6778,4のつく日,[],見送り,NO BET,見送り,NO BET,見送り,NO BET,マルハン新宿東宝ビル店,A,見送り,NO BET,マルハンメガシティ2000蒲田7,B,みとや大森町店,A,見送り,NO BET,見送り,NO BET,見送り,NO BET,見送り,NO BET,見送り,NO BET,見送り,NO BET
2026-08-25,火,マルハンメガシティ2000蒲田7,B,蒲田,マルハンメガシティ2000蒲田7,91.0,41.0,33.0,18,8.0,0.8809,通常ベース,[],見送り,NO BET,見送り,NO BET,見送り,NO BET,見送り,NO BET,BIGディッパー戸越銀座店,B,マルハンメガシティ2000蒲田7,B,見送り,NO BET,見送り,NO BET,見送り,NO BET,見送り,NO BET,見送り,NO BET,見送り,NO BET,見送り,NO BET
2026-08-26,水,マルハン池袋 SLOT BASE,A,副都心線北上,マルハン池袋 SLOT BASE,213.7,163.7,135.7,38,28.0,0.4776,26日,[],見送り,NO BET,見送り,NO BET,見送り,NO BET,マルハン池袋 SLOT BASE,A,見送り,NO BET,マルハンメガシティ2000蒲田7,B,見送り,NO BET,見送り,NO BET,見送り,NO BET,見送り,NO BET,見送り,NO BET,見送り,NO BET,見送り,NO BET
2026-08-27,木,YASUDA7（東池袋7号店）,S,副都心線北上,YASUDA7（東池袋7号店）,213.7,163.7,135.7,38,28.0,0.6694,7のつく日,[],エスパス日拓渋谷駅前新館,A,見送り,NO BET,見送り,NO BET,YASUDA7（東池袋7号店）,S,BIGディッパー戸越銀座店,B,マルハンメガシティ2000蒲田7,A,みとや大森町店,A,見送り,NO BET,見送り,NO BET,南武線尻手駅前店,B,見送り,NO BET,見送り,NO BET,見送り,NO BET
2026-08-28,金,マルハン池袋 SLOT BASE,S,副都心線北上,マルハン池袋 SLOT BASE,225.1,175.1,147.1,38,28.0,0.5015,28日,[],楽園渋谷道玄坂店,A,見送り,NO BET,見送り,NO BET,マルハン池袋 SLOT BASE,S,見送り,NO BET,マルハンメガシティ2000蒲田7,B,見送り,NO BET,見送り,NO BET,見送り,NO BET,見送り,NO BET,ベルシティザシティ川崎店,A,見送り,NO BET,見送り,NO BET
2026-08-29,土,マルハンメガシティ2000蒲田7,A,蒲田,マルハンメガシティ2000蒲田7,159.8,109.8,101.8,18,8.0,0.6289,土曜,[],見送り,NO BET,レッドロック学芸大学駅前店,A,見送り,NO BET,見送り,NO BET,BIGディッパー戸越銀座店,B,マルハンメガシティ2000蒲田7,A,見送り,NO BET,見送り,NO BET,見送り,NO BET,見送り,NO BET,見送り,NO BET,見送り,NO BET,見送り,NO BET
2026-08-30,日,エスパス日拓渋谷駅前新館,S,渋谷,エスパス日拓渋谷駅前新館,217.1,167.1,155.1,22,12.0,0.5815,本館閉店後の日曜,[],エスパス日拓渋谷駅前新館,S,見送り,NO BET,見送り,NO BET,見送り,NO BET,見送り,NO BET,マルハンメガシティ2000 蒲田1,A,見送り,NO BET,見送り,NO BET,見送り,NO BET,見送り,NO BET,見送り,NO BET,見送り,NO BET,見送り,NO BET
2026-08-31,月,マルハン新宿東宝ビル店,A,副都心線北上,マルハン新宿東宝ビル店,239.1,189.1,161.1,38,28.0,0.4366,31日・隠れ看板,[],見送り,NO BET,見送り,NO BET,見送り,NO BET,マルハン新宿東宝ビル店,A,見送り,NO BET,見送り,NO BET,見送り,NO BET,見送り,NO BET,見送り,NO BET,見送り,NO BET,見送り,NO BET,見送り,NO BET,見送り,NO BET
2026-09-01,火,BIGディッパー戸越銀座店,A,池上線,BIGディッパー戸越銀座店,169.6,119.6,111.6,18,8.0,0.6076,1日・20日（絶対水準）,[],エスパス日拓渋谷駅前新館,B,見送り,NO BET,見送り,NO BET,マルハン新宿東宝ビル店,A,BIGディッパー戸越銀座店,A,マルハンメガシティ2000 蒲田1,B,見送り,NO BET,見送り,NO BET,見送り,NO BET,見送り,NO BET,見送り,NO BET,見送り,NO BET,見送り,NO BET
2026-09-02,水,アサヒ2鹿島田店,A,鹿島田,アサヒ2鹿島田店,136.6,136.6,112.6,34,24.0,0.3918,毎月2日・現行運用パッケージ,[],見送り,NO BET,見送り,NO BET,見送り,NO BET,見送り,NO BET,見送り,NO BET,マルハンメガシティ2000蒲田7,B,見送り,NO BET,見送り,NO BET,見送り,NO BET,見送り,NO BET,見送り,NO BET,見送り,NO BET,アサヒ2鹿島田店,A
2026-09-03,木,マルハンメガシティ2000蒲田7,B,蒲田,マルハンメガシティ2000蒲田7,91.0,41.0,33.0,18,8.0,0.8485,通常ベース,[],見送り,NO BET,見送り,NO BET,見送り,NO BET,見送り,NO BET,BIGディッパー戸越銀座店,B,マルハンメガシティ2000蒲田7,B,見送り,NO BET,見送り,NO BET,見送り,NO BET,見送り,NO BET,見送り,NO BET,見送り,NO BET,見送り,NO BET
2026-09-04,金,みとや大森町店,A,京急線,みとや大森町店,163.0,113.0,75.0,48,38.0,0.6474,4のつく日,[],見送り,NO BET,見送り,NO BET,見送り,NO BET,見送り,NO BET,見送り,NO BET,マルハンメガシティ2000蒲田7,B,みとや大森町店,A,見送り,NO BET,見送り,NO BET,見送り,NO BET,見送り,NO BET,見送り,NO BET,見送り,NO BET
2026-09-05,土,エスパス日拓渋谷駅前新館,S,渋谷,エスパス日拓渋谷駅前新館,213.2,163.2,151.2,22,12.0,0.5497,5日,[],エスパス日拓渋谷駅前新館,S,見送り,NO BET,見送り,NO BET,見送り,NO BET,BIGディッパー戸越銀座店,B,マルハンメガシティ2000蒲田7,A,見送り,NO BET,見送り,NO BET,見送り,NO BET,見送り,NO BET,見送り,NO BET,見送り,NO BET,見送り,NO BET
2026-09-06,日,エスパス日拓渋谷駅前新館,S,渋谷,エスパス日拓渋谷駅前新館,217.1,167.1,155.1,22,12.0,0.5648,本館閉店後の日曜,[],エスパス日拓渋谷駅前新館,S,見送り,NO BET,見送り,NO BET,マルハン新宿東宝ビル店,A,見送り,NO BET,見送り,C,見送り,NO BET,見送り,NO BET,見送り,NO BET,見送り,NO BET,見送り,NO BET,見送り,NO BET,見送り,NO BET
2026-09-07,月,YASUDA7（東池袋7号店）,S,副都心線北上,YASUDA7（東池袋7号店）,213.7,163.7,135.7,38,28.0,0.6394,7のつく日,[],見送り,NO BET,見送り,NO BET,見送り,NO BET,YASUDA7（東池袋7号店）,S,BIGディッパー戸越銀座店,B,マルハンメガシティ2000蒲田7,A,みとや大森町店,A,見送り,NO BET,見送り,NO BET,見送り,NO BET,見送り,NO BET,見送り,NO BET,見送り,NO BET
2026-09-08,火,ベルシティザシティ川崎店,B,川崎,ベルシティザシティ川崎店,77.0,77.0,49.0,38,28.0,0.348,平日の8のつく日・直近上昇レジーム,[],見送り,NO BET,見送り,NO BET,見送り,NO BET,見送り,NO BET,見送り,NO BET,マルハンメガシティ2000蒲田7,B,見送り,NO BET,見送り,NO BET,見送り,NO BET,見送り,NO BET,ベルシティザシティ川崎店,B,見送り,NO BET,見送り,NO BET
2026-09-09,水,マルハンメガシティ2000蒲田7,A,蒲田,マルハンメガシティ2000蒲田7,185.2,135.2,127.2,18,8.0,0.3862,ゾロ目,[],エスパス日拓渋谷駅前新館,A,見送り,C,見送り,NO BET,マルハン新宿東宝ビル店,A,見送り,NO BET,マルハンメガシティ2000蒲田7,A,見送り,NO BET,見送り,NO BET,見送り,NO BET,見送り,NO BET,見送り,NO BET,見送り,NO BET,見送り,NO BET
2026-09-10,木,マルハンメガシティ2000蒲田7,B,蒲田,マルハンメガシティ2000蒲田7,91.0,41.0,33.0,18,8.0,0.8241,通常ベース,[],見送り,NO BET,見送り,NO BET,見送り,NO BET,見送り,C,見送り,NO BET,マルハンメガシティ2000蒲田7,B,見送り,NO BET,見送り,NO BET,見送り,NO BET,鶴見UNO,B,見送り,NO BET,見送り,NO BET,見送り,NO BET
2026-09-11,金,エスパス日拓渋谷駅前新館,S,渋谷,エスパス日拓渋谷駅前新館,184.8,134.8,122.8,22,12.0,0.5362,11日,[],エスパス日拓渋谷駅前新館,S,見送り,NO BET,見送り,NO BET,マルハン新宿東宝ビル店,A,見送り,NO BET,マルハンメガシティ2000 蒲田1,A,見送り,NO BET,見送り,NO BET,見送り,NO BET,見送り,NO BET,見送り,NO BET,ジアスセンター南,B,見送り,NO BET
2026-09-12,土,マルハンメガシティ2000蒲田7,A,蒲田,マルハンメガシティ2000蒲田7,159.8,109.8,101.8,18,8.0,0.5933,土曜,[],見送り,NO BET,見送り,NO BET,エスパス日拓溝の口駅前新館,B,見送り,NO BET,見送り,NO BET,マルハンメガシティ2000蒲田7,A,見送り,NO BET,見送り,NO BET,見送り,NO BET,見送り,NO BET,見送り,NO BET,見送り,NO BET,見送り,NO BET
2026-09-13,日,エスパス日拓渋谷駅前新館,S,渋谷,エスパス日拓渋谷駅前新館,217.1,167.1,155.1,22,12.0,0.5485,本館閉店後の日曜,[],エスパス日拓渋谷駅前新館,S,見送り,NO BET,見送り,NO BET,見送り,NO BET,BIGディッパー戸越銀座店,B,見送り,C,見送り,NO BET,見送り,NO BET,見送り,NO BET,見送り,NO BET,見送り,NO BET,見送り,NO BET,見送り,NO BET
2026-09-14,月,みとや大森町店,A,京急線,みとや大森町店,163.0,113.0,75.0,48,38.0,0.621,4のつく日,[],見送り,NO BET,見送り,NO BET,見送り,NO BET,見送り,NO BET,見送り,NO BET,マルハンメガシティ2000蒲田7,B,みとや大森町店,A,見送り,NO BET,見送り,NO BET,見送り,NO BET,見送り,NO BET,見送り,NO BET,見送り,NO BET
2026-09-15,火,マルハンメガシティ2000蒲田7,B,蒲田,マルハンメガシティ2000蒲田7,91.0,41.0,33.0,18,8.0,0.8071,通常ベース,[],見送り,NO BET,見送り,NO BET,見送り,NO BET,見送り,NO BET,BIGディッパー戸越銀座店,B,マルハンメガシティ2000蒲田7,B,見送り,NO BET,見送り,NO BET,見送り,NO BET,見送り,NO BET,見送り,NO BET,見送り,NO BET,見送り,NO BET
2026-09-16,水,マルハン新宿東宝ビル店,A,副都心線北上,マルハン新宿東宝ビル店,123.1,73.1,45.1,38,28.0,0.7161,6のつく日・補助,[],見送り,NO BET,見送り,NO BET,見送り,NO BET,マルハン新宿東宝ビル店,A,見送り,NO BET,マルハンメガシティ2000蒲田7,B,見送り,NO BET,見送り,NO BET,見送り,NO BET,見送り,NO BET,見送り,NO BET,見送り,NO BET,見送り,NO BET
2026-09-17,木,YASUDA7（東池袋7号店）,S,副都心線北上,YASUDA7（東池袋7号店）,213.7,163.7,135.7,38,28.0,0.6133,7のつく日,[],見送り,NO BET,見送り,NO BET,見送り,NO BET,YASUDA7（東池袋7号店）,S,BIGディッパー戸越銀座店,B,マルハンメガシティ2000蒲田7,A,みとや大森町店,A,見送り,NO BET,見送り,NO BET,見送り,NO BET,見送り,NO BET,見送り,NO BET,見送り,NO BET
2026-09-18,金,ベルシティザシティ川崎店,B,川崎,ベルシティザシティ川崎店,77.0,77.0,49.0,38,28.0,0.3338,平日の8のつく日・直近上昇レジーム,[],見送り,NO BET,見送り,NO BET,見送り,NO BET,見送り,NO BET,見送り,NO BET,マルハンメガシティ2000蒲田7,B,見送り,NO BET,見送り,NO BET,見送り,NO BET,見送り,NO BET,ベルシティザシティ川崎店,B,見送り,NO BET,見送り,NO BET
2026-09-19,土,マルハンメガシティ2000蒲田7,A,蒲田,マルハンメガシティ2000蒲田7,159.8,109.8,101.8,18,8.0,0.5762,土曜,[],見送り,NO BET,レッドロック学芸大学駅前店,A,見送り,NO BET,見送り,NO BET,見送り,C,マルハンメガシティ2000蒲田7,A,見送り,NO BET,BIGディッパー大井町店,B,見送り,NO BET,見送り,NO BET,見送り,NO BET,見送り,NO BET,見送り,NO BET
2026-09-20,日,エスパス日拓渋谷駅前新館,A,渋谷,エスパス日拓渋谷駅前新館,217.1,167.1,155.1,22,12.0,0.5328,本館閉店後の日曜,"[""シルバーウィーク""]",エスパス日拓渋谷駅前新館,A,見送り,NO BET,見送り,NO BET,見送り,NO BET,BIGディッパー戸越銀座店,B,見送り,C,見送り,NO BET,見送り,NO BET,見送り,NO BET,見送り,NO BET,見送り,NO BET,見送り,NO BET,見送り,NO BET
2026-09-21,月,マルハン池袋 SLOT BASE,A,副都心線北上,マルハン池袋 SLOT BASE,431.4,381.4,353.4,38,28.0,0.4538,21日,[],見送り,NO BET,見送り,NO BET,見送り,NO BET,マルハン池袋 SLOT BASE,A,見送り,NO BET,マルハンメガシティ2000蒲田7,B,見送り,NO BET,見送り,NO BET,見送り,NO BET,見送り,NO BET,見送り,NO BET,見送り,NO BET,見送り,NO BET
2026-09-22,火,マルハン池袋 SLOT BASE,A,副都心線北上,マルハン池袋 SLOT BASE,189.1,139.1,111.1,38,28.0,0.4519,22日,[],見送り,C,見送り,NO BET,見送り,NO BET,マルハン池袋 SLOT BASE,A,見送り,NO BET,マルハンメガシティ2000蒲田7,B,見送り,NO BET,見送り,NO BET,見送り,NO BET,見送り,NO BET,見送り,NO BET,見送り,NO BET,見送り,NO BET
2026-09-23,水,マルハンメガシティ2000蒲田7,B,蒲田,マルハンメガシティ2000蒲田7,91.0,41.0,33.0,18,8.0,0.7807,通常ベース,[],見送り,NO BET,見送り,NO BET,見送り,C,見送り,C,見送り,NO BET,マルハンメガシティ2000蒲田7,B,見送り,NO BET,見送り,NO BET,見送り,NO BET,見送り,NO BET,見送り,NO BET,見送り,NO BET,見送り,NO BET
2026-09-24,木,みとや大森町店,A,京急線,みとや大森町店,163.0,113.0,75.0,48,38.0,0.5957,4のつく日,[],見送り,NO BET,見送り,NO BET,見送り,NO BET,マルハン新宿東宝ビル店,A,見送り,NO BET,マルハンメガシティ2000蒲田7,B,みとや大森町店,A,見送り,NO BET,見送り,NO BET,見送り,NO BET,見送り,NO BET,見送り,NO BET,見送り,NO BET
2026-09-25,金,マルハンメガシティ2000蒲田7,B,蒲田,マルハンメガシティ2000蒲田7,91.0,41.0,33.0,18,8.0,0.7742,通常ベース,[],見送り,NO BET,見送り,NO BET,見送り,NO BET,見送り,NO BET,BIGディッパー戸越銀座店,B,マルハンメガシティ2000蒲田7,B,見送り,NO BET,見送り,NO BET,見送り,NO BET,見送り,NO BET,見送り,NO BET,見送り,NO BET,見送り,NO BET
2026-09-26,土,マルハン池袋 SLOT BASE,A,副都心線北上,マルハン池袋 SLOT BASE,213.7,163.7,135.7,38,28.0,0.4197,26日,[],見送り,NO BET,見送り,NO BET,見送り,NO BET,マルハン池袋 SLOT BASE,A,見送り,NO BET,マルハンメガシティ2000蒲田7,A,見送り,NO BET,見送り,NO BET,見送り,NO BET,見送り,NO BET,見送り,NO BET,見送り,NO BET,見送り,NO BET
2026-09-27,日,YASUDA7（東池袋7号店）,S,副都心線北上,YASUDA7（東池袋7号店）,213.7,163.7,135.7,38,28.0,0.5883,7のつく日,[],エスパス日拓渋谷駅前新館,A,見送り,NO BET,見送り,NO BET,YASUDA7（東池袋7号店）,S,BIGディッパー戸越銀座店,B,マルハンメガシティ2000蒲田7,B,みとや大森町店,A,見送り,NO BET,見送り,NO BET,南武線尻手駅前店,B,見送り,NO BET,見送り,NO BET,見送り,NO BET
2026-09-28,月,楽園渋谷道玄坂店,A,渋谷,楽園渋谷道玄坂店,232.5,182.5,169.5,23,13.0,0.3946,28日,[],楽園渋谷道玄坂店,A,見送り,NO BET,見送り,NO BET,マルハン池袋 SLOT BASE,A,見送り,NO BET,マルハンメガシティ2000蒲田7,B,見送り,NO BET,見送り,NO BET,見送り,NO BET,見送り,NO BET,ベルシティザシティ川崎店,B,見送り,NO BET,見送り,NO BET
2026-09-29,火,BIGディッパー戸越銀座店,B,池上線,BIGディッパー戸越銀座店,92.9,42.9,34.9,18,8.0,0.6003,9のつく日（絶対水準B）,[],見送り,NO BET,見送り,NO BET,見送り,NO BET,見送り,NO BET,BIGディッパー戸越銀座店,B,マルハンメガシティ2000蒲田7,B,見送り,NO BET,見送り,NO BET,見送り,NO BET,見送り,NO BET,見送り,NO BET,見送り,NO BET,見送り,NO BET
2026-09-30,水,マルハンメガシティ2000蒲田7,A,蒲田,マルハンメガシティ2000蒲田7,271.0,221.0,213.0,18,8.0,0.4371,30日,[],見送り,NO BET,見送り,NO BET,見送り,NO BET,見送り,NO BET,見送り,NO BET,マルハンメガシティ2000蒲田7,A,見送り,NO BET,見送り,NO BET,見送り,NO BET,見送り,NO BET,見送り,NO BET,見送り,NO BET,見送り,NO BET
2026-10-01,木,BIGディッパー戸越銀座店,A,池上線,BIGディッパー戸越銀座店,169.6,119.6,111.6,18,8.0,0.5362,1日・20日（絶対水準）,[],エスパス日拓渋谷駅前新館,B,見送り,NO BET,見送り,NO BET,マルハン新宿東宝ビル店,A,BIGディッパー戸越銀座店,A,マルハンメガシティ2000蒲田7,B,見送り,NO BET,見送り,NO BET,見送り,NO BET,見送り,NO BET,見送り,NO BET,見送り,NO BET,見送り,NO BET
2026-10-02,金,アサヒ2鹿島田店,B,鹿島田,アサヒ2鹿島田店,136.6,136.6,112.6,34,24.0,0.3457,毎月2日・現行運用パッケージ,[],見送り,NO BET,見送り,NO BET,見送り,NO BET,見送り,NO BET,見送り,NO BET,マルハンメガシティ2000蒲田7,B,見送り,NO BET,見送り,NO BET,見送り,NO BET,見送り,NO BET,見送り,NO BET,見送り,NO BET,アサヒ2鹿島田店,B
2026-10-03,土,マルハンメガシティ2000蒲田7,A,蒲田,マルハンメガシティ2000蒲田7,159.8,109.8,101.8,18,8.0,0.5436,土曜,[],見送り,NO BET,見送り,NO BET,見送り,NO BET,見送り,NO BET,BIGディッパー戸越銀座店,B,マルハンメガシティ2000蒲田7,A,見送り,NO BET,見送り,NO BET,見送り,NO BET,見送り,NO BET,見送り,NO BET,見送り,NO BET,見送り,NO BET
2026-10-04,日,エスパス日拓渋谷駅前新館,S,渋谷,エスパス日拓渋谷駅前新館,217.1,167.1,155.1,22,12.0,0.5026,本館閉店後の日曜,[],エスパス日拓渋谷駅前新館,S,見送り,NO BET,見送り,NO BET,見送り,NO BET,見送り,NO BET,見送り,C,みとや大森町店,A,見送り,NO BET,見送り,NO BET,見送り,NO BET,見送り,NO BET,見送り,NO BET,見送り,NO BET
2026-10-05,月,エスパス日拓渋谷駅前新館,A,渋谷,エスパス日拓渋谷駅前新館,213.2,163.2,151.2,22,12.0,0.4851,5日,[],エスパス日拓渋谷駅前新館,A,見送り,NO BET,見送り,NO BET,見送り,NO BET,BIGディッパー戸越銀座店,B,マルハンメガシティ2000蒲田7,B,見送り,NO BET,見送り,NO BET,見送り,NO BET,見送り,NO BET,見送り,NO BET,見送り,NO BET,見送り,NO BET
2026-10-06,火,マルハン新宿東宝ビル店,A,副都心線北上,マルハン新宿東宝ビル店,123.1,73.1,45.1,38,28.0,0.6588,6のつく日・補助,[],見送り,NO BET,見送り,NO BET,見送り,NO BET,マルハン新宿東宝ビル店,A,見送り,NO BET,マルハンメガシティ2000蒲田7,B,見送り,NO BET,見送り,NO BET,見送り,NO BET,見送り,NO BET,見送り,NO BET,見送り,NO BET,見送り,NO BET
2026-10-07,水,YASUDA7（東池袋7号店）,S,副都心線北上,YASUDA7（東池袋7号店）,213.7,163.7,135.7,38,28.0,0.5643,7のつく日,[],見送り,NO BET,見送り,NO BET,見送り,NO BET,YASUDA7（東池袋7号店）,S,BIGディッパー戸越銀座店,B,マルハンメガシティ2000蒲田7,A,みとや大森町店,A,見送り,NO BET,見送り,NO BET,見送り,NO BET,見送り,NO BET,見送り,NO BET,見送り,NO BET
2026-10-08,木,ベルシティザシティ川崎店,B,川崎,ベルシティザシティ川崎店,77.0,77.0,49.0,38,28.0,0.3071,平日の8のつく日・直近上昇レジーム,[],見送り,NO BET,見送り,NO BET,見送り,NO BET,見送り,NO BET,見送り,NO BET,マルハンメガシティ2000蒲田7,B,見送り,NO BET,見送り,NO BET,見送り,NO BET,見送り,NO BET,ベルシティザシティ川崎店,B,見送り,NO BET,見送り,NO BET
2026-10-09,金,BIGディッパー戸越銀座店,B,池上線,BIGディッパー戸越銀座店,92.9,42.9,34.9,18,8.0,0.5758,9のつく日（絶対水準B）,[],見送り,NO BET,見送り,NO BET,見送り,NO BET,見送り,NO BET,BIGディッパー戸越銀座店,B,マルハンメガシティ2000蒲田7,B,見送り,NO BET,見送り,NO BET,見送り,NO BET,見送り,NO BET,見送り,NO BET,見送り,NO BET,見送り,NO BET
2026-10-10,土,エスパス日拓渋谷駅前新館,A,渋谷,エスパス日拓渋谷駅前新館,179.6,129.6,117.6,22,12.0,0.4584,月日ゾロ目,[],エスパス日拓渋谷駅前新館,A,見送り,C,エスパス日拓溝の口駅前新館,B,マルハン新宿東宝ビル店,B,見送り,NO BET,マルハンメガシティ2000 蒲田1,A,見送り,NO BET,見送り,NO BET,見送り,NO BET,鶴見UNO,B,見送り,NO BET,見送り,NO BET,見送り,NO BET
2026-10-11,日,エスパス日拓渋谷駅前新館,A,渋谷,エスパス日拓渋谷駅前新館,184.8,134.8,122.8,22,12.0,0.4732,11日,[],エスパス日拓渋谷駅前新館,A,見送り,NO BET,見送り,NO BET,マルハン新宿東宝ビル店,A,見送り,NO BET,マルハンメガシティ2000 蒲田1,A,見送り,NO BET,見送り,NO BET,見送り,NO BET,見送り,NO BET,見送り,NO BET,ジアスセンター南,B,見送り,NO BET
2026-10-12,月,マルハンメガシティ2000蒲田7,B,蒲田,マルハンメガシティ2000蒲田7,91.0,41.0,33.0,18,8.0,0.7212,通常ベース,[],見送り,NO BET,見送り,NO BET,見送り,NO BET,見送り,NO BET,見送り,NO BET,マルハンメガシティ2000蒲田7,B,見送り,NO BET,見送り,NO BET,見送り,NO BET,見送り,NO BET,見送り,NO BET,見送り,NO BET,見送り,NO BET
2026-10-13,火,マルハンメガシティ2000蒲田7,B,蒲田,マルハンメガシティ2000蒲田7,91.0,41.0,33.0,18,8.0,0.7182,通常ベース,[],見送り,NO BET,見送り,NO BET,見送り,NO BET,見送り,NO BET,BIGディッパー戸越銀座店,B,マルハンメガシティ2000蒲田7,B,見送り,NO BET,見送り,NO BET,見送り,NO BET,見送り,NO BET,見送り,NO BET,見送り,NO BET,見送り,NO BET
2026-10-14,水,みとや大森町店,B,京急線,みとや大森町店,163.0,113.0,75.0,48,38.0,0.548,4のつく日,[],見送り,NO BET,見送り,NO BET,見送り,NO BET,見送り,NO BET,見送り,NO BET,見送り,C,みとや大森町店,B,見送り,NO BET,見送り,NO BET,見送り,NO BET,見送り,NO BET,見送り,NO BET,見送り,NO BET
2026-10-15,木,見送り,C,蒲田,マルハンメガシティ2000蒲田7,91.0,41.0,33.0,18,8.0,0.7123,通常ベース,[],見送り,NO BET,見送り,NO BET,見送り,NO BET,見送り,NO BET,見送り,C,見送り,C,見送り,NO BET,見送り,NO BET,見送り,NO BET,見送り,NO BET,見送り,NO BET,見送り,NO BET,見送り,NO BET
2026-10-16,金,マルハン新宿東宝ビル店,B,副都心線北上,マルハン新宿東宝ビル店,123.1,73.1,45.1,38,28.0,0.6319,6のつく日・補助,[],見送り,NO BET,見送り,NO BET,見送り,NO BET,マルハン新宿東宝ビル店,B,見送り,NO BET,見送り,C,見送り,NO BET,見送り,NO BET,見送り,NO BET,見送り,NO BET,見送り,NO BET,見送り,NO BET,見送り,NO BET
2026-10-17,土,YASUDA7（東池袋7号店）,A,副都心線北上,YASUDA7（東池袋7号店）,213.7,163.7,135.7,38,28.0,0.5412,7のつく日,[],見送り,NO BET,見送り,NO BET,見送り,NO BET,YASUDA7（東池袋7号店）,A,見送り,C,マルハンメガシティ2000蒲田7,B,みとや大森町店,B,見送り,C,見送り,NO BET,見送り,NO BET,見送り,NO BET,見送り,NO BET,見送り,NO BET
2026-10-18,日,エスパス日拓渋谷駅前新館,B,渋谷,エスパス日拓渋谷駅前新館,217.1,167.1,155.1,22,12.0,0.4741,本館閉店後の日曜,[],エスパス日拓渋谷駅前新館,B,見送り,NO BET,見送り,NO BET,見送り,NO BET,見送り,NO BET,見送り,NO BET,見送り,NO BET,見送り,NO BET,見送り,NO BET,見送り,NO BET,見送り,NO BET,見送り,NO BET,見送り,NO BET
2026-10-19,月,見送り,C,池上線,BIGディッパー戸越銀座店,92.9,42.9,34.9,18,8.0,0.5523,9のつく日（絶対水準B）,[],見送り,NO BET,見送り,NO BET,見送り,NO BET,見送り,NO BET,見送り,C,見送り,C,見送り,NO BET,見送り,NO BET,見送り,NO BET,見送り,NO BET,見送り,NO BET,見送り,NO BET,見送り,NO BET
2026-10-20,火,BIGディッパー戸越銀座店,B,池上線,BIGディッパー戸越銀座店,169.6,119.6,111.6,18,8.0,0.4954,1日・20日（絶対水準）,[],見送り,NO BET,見送り,NO BET,見送り,NO BET,見送り,NO BET,BIGディッパー戸越銀座店,B,見送り,C,見送り,NO BET,見送り,NO BET,見送り,NO BET,見送り,NO BET,見送り,NO BET,見送り,NO BET,見送り,NO BET
2026-10-21,水,マルハン池袋 SLOT BASE,B,副都心線北上,マルハン池袋 SLOT BASE,431.4,381.4,353.4,38,28.0,0.4004,21日,[],見送り,NO BET,見送り,NO BET,見送り,NO BET,マルハン池袋 SLOT BASE,B,見送り,NO BET,見送り,C,見送り,NO BET,見送り,NO BET,見送り,NO BET,見送り,NO BET,見送り,NO BET,見送り,NO BET,見送り,NO BET
2026-10-22,木,マルハン池袋 SLOT BASE,B,副都心線北上,マルハン池袋 SLOT BASE,189.1,139.1,111.1,38,28.0,0.3988,22日,[],エスパス日拓渋谷駅前新館,B,見送り,NO BET,見送り,NO BET,マルハン池袋 SLOT BASE,B,見送り,NO BET,見送り,C,見送り,NO BET,見送り,NO BET,見送り,NO BET,見送り,NO BET,見送り,NO BET,見送り,NO BET,見送り,NO BET
2026-10-23,金,マルハン新宿東宝ビル店,B,副都心線北上,マルハン新宿東宝ビル店,158.5,108.5,80.5,38,28.0,0.4501,23日・やばたにえん,[],見送り,NO BET,見送り,NO BET,エスパス日拓溝の口駅前新館,B,マルハン新宿東宝ビル店,B,見送り,C,見送り,C,見送り,NO BET,見送り,NO BET,見送り,NO BET,見送り,NO BET,見送り,NO BET,見送り,NO BET,見送り,NO BET
2026-10-24,土,マルハンメガシティ2000蒲田7,B,蒲田,マルハンメガシティ2000蒲田7,159.8,109.8,101.8,18,8.0,0.498,土曜,[],見送り,NO BET,見送り,NO BET,見送り,NO BET,見送り,C,見送り,NO BET,マルハンメガシティ2000蒲田7,B,みとや大森町店,B,見送り,NO BET,見送り,NO BET,見送り,NO BET,見送り,NO BET,見送り,NO BET,見送り,NO BET
2026-10-25,日,エスパス日拓渋谷駅前新館,B,渋谷,エスパス日拓渋谷駅前新館,217.1,167.1,155.1,22,12.0,0.4605,本館閉店後の日曜,[],エスパス日拓渋谷駅前新館,B,見送り,NO BET,見送り,NO BET,見送り,NO BET,見送り,C,見送り,NO BET,見送り,NO BET,見送り,NO BET,見送り,NO BET,見送り,NO BET,見送り,NO BET,見送り,NO BET,見送り,NO BET
2026-10-26,月,マルハン池袋 SLOT BASE,B,副都心線北上,マルハン池袋 SLOT BASE,213.7,163.7,135.7,38,28.0,0.3704,26日,[],見送り,NO BET,見送り,NO BET,見送り,NO BET,マルハン池袋 SLOT BASE,B,見送り,NO BET,見送り,C,見送り,NO BET,見送り,NO BET,見送り,NO BET,見送り,NO BET,見送り,NO BET,見送り,NO BET,見送り,NO BET
2026-10-27,火,YASUDA7（東池袋7号店）,A,副都心線北上,YASUDA7（東池袋7号店）,213.7,163.7,135.7,38,28.0,0.5191,7のつく日,[],エスパス日拓渋谷駅前新館,B,見送り,NO BET,見送り,NO BET,YASUDA7（東池袋7号店）,A,見送り,C,マルハンメガシティ2000蒲田7,B,みとや大森町店,B,見送り,NO BET,見送り,NO BET,見送り,C,見送り,NO BET,見送り,NO BET,見送り,NO BET
2026-10-28,水,マルハン池袋 SLOT BASE,B,副都心線北上,マルハン池袋 SLOT BASE,225.1,175.1,147.1,38,28.0,0.3889,28日,[],見送り,C,見送り,NO BET,見送り,NO BET,マルハン池袋 SLOT BASE,B,見送り,NO BET,見送り,C,見送り,NO BET,見送り,NO BET,見送り,NO BET,見送り,NO BET,見送り,C,見送り,NO BET,見送り,NO BET
2026-10-29,木,見送り,C,池上線,BIGディッパー戸越銀座店,92.9,42.9,34.9,18,8.0,0.5298,9のつく日（絶対水準B）,[],見送り,NO BET,見送り,NO BET,見送り,NO BET,見送り,NO BET,見送り,C,見送り,C,見送り,NO BET,見送り,NO BET,見送り,NO BET,見送り,NO BET,見送り,NO BET,見送り,NO BET,見送り,NO BET
2026-10-30,金,マルハンメガシティ2000蒲田7,B,蒲田,マルハンメガシティ2000蒲田7,271.0,221.0,213.0,18,8.0,0.3857,30日,[],見送り,NO BET,見送り,NO BET,見送り,NO BET,見送り,NO BET,見送り,NO BET,マルハンメガシティ2000蒲田7,B,見送り,NO BET,見送り,NO BET,見送り,NO BET,見送り,NO BET,見送り,NO BET,見送り,NO BET,見送り,NO BET
2026-10-31,土,見送り,NO BET,副都心線北上,マルハン新宿東宝ビル店,239.1,189.1,161.1,38,28.0,0.3386,31日・隠れ看板,"[""土曜""]",見送り,NO BET,見送り,NO BET,見送り,NO BET,見送り,NO BET,見送り,NO BET,見送り,NO BET,見送り,NO BET,見送り,NO BET,見送り,NO BET,見送り,NO BET,見送り,NO BET,見送り,NO BET,見送り,NO BET
2026-11-01,日,BIGディッパー戸越銀座店,B,池上線,BIGディッパー戸越銀座店,169.6,119.6,111.6,18,8.0,0.4712,1日・20日（絶対水準）,[],見送り,C,見送り,NO BET,見送り,NO BET,マルハン新宿東宝ビル店,B,BIGディッパー戸越銀座店,B,見送り,NO BET,見送り,NO BET,見送り,NO BET,見送り,NO BET,見送り,NO BET,見送り,NO BET,見送り,NO BET,見送り,NO BET
2026-11-02,月,見送り,C,鹿島田,アサヒ2鹿島田店,136.6,136.6,112.6,34,24.0,0.3039,毎月2日・現行運用パッケージ,[],見送り,NO BET,見送り,NO BET,見送り,NO BET,見送り,NO BET,見送り,NO BET,見送り,C,見送り,NO BET,見送り,NO BET,見送り,NO BET,見送り,NO BET,見送り,NO BET,見送り,NO BET,見送り,C
2026-11-03,火,見送り,C,蒲田,マルハンメガシティ2000蒲田7,91.0,41.0,33.0,18,8.0,0.6581,通常ベース,[],見送り,NO BET,見送り,NO BET,見送り,NO BET,見送り,NO BET,見送り,NO BET,見送り,C,見送り,NO BET,見送り,NO BET,見送り,NO BET,見送り,NO BET,見送り,NO BET,見送り,NO BET,見送り,NO BET
2026-11-04,水,みとや大森町店,B,京急線,みとや大森町店,163.0,113.0,75.0,48,38.0,0.5021,4のつく日,[],見送り,NO BET,見送り,NO BET,見送り,NO BET,見送り,NO BET,見送り,NO BET,見送り,C,みとや大森町店,B,見送り,NO BET,見送り,NO BET,見送り,NO BET,見送り,NO BET,見送り,NO BET,見送り,NO BET
2026-11-05,木,エスパス日拓渋谷駅前新館,B,渋谷,エスパス日拓渋谷駅前新館,213.2,163.2,151.2,22,12.0,0.4264,5日,[],エスパス日拓渋谷駅前新館,B,見送り,NO BET,見送り,NO BET,見送り,NO BET,見送り,C,見送り,C,見送り,NO BET,見送り,NO BET,見送り,NO BET,見送り,NO BET,見送り,NO BET,見送り,NO BET,見送り,NO BET
2026-11-06,金,マルハン新宿東宝ビル店,B,副都心線北上,マルハン新宿東宝ビル店,123.1,73.1,45.1,38,28.0,0.579,6のつく日・補助,[],見送り,NO BET,見送り,NO BET,見送り,NO BET,マルハン新宿東宝ビル店,B,見送り,NO BET,見送り,C,見送り,NO BET,見送り,NO BET,見送り,NO BET,見送り,NO BET,見送り,NO BET,見送り,NO BET,見送り,NO BET
2026-11-07,土,YASUDA7（東池袋7号店）,B,副都心線北上,YASUDA7（東池袋7号店）,213.7,163.7,135.7,38,28.0,0.4959,7のつく日,[],見送り,NO BET,見送り,NO BET,見送り,NO BET,YASUDA7（東池袋7号店）,B,見送り,C,マルハンメガシティ2000蒲田7,B,みとや大森町店,B,見送り,NO BET,見送り,NO BET,見送り,NO BET,見送り,NO BET,見送り,NO BET,見送り,NO BET
2026-11-08,日,エスパス日拓渋谷駅前新館,B,渋谷,エスパス日拓渋谷駅前新館,217.1,167.1,155.1,22,12.0,0.4344,本館閉店後の日曜,[],エスパス日拓渋谷駅前新館,B,見送り,NO BET,見送り,NO BET,見送り,NO BET,見送り,NO BET,見送り,NO BET,見送り,NO BET,見送り,NO BET,見送り,NO BET,見送り,NO BET,見送り,NO BET,見送り,NO BET,見送り,NO BET
2026-11-09,月,見送り,C,池上線,BIGディッパー戸越銀座店,92.9,42.9,34.9,18,8.0,0.506,9のつく日（絶対水準B）,[],見送り,NO BET,見送り,NO BET,見送り,NO BET,見送り,NO BET,見送り,C,見送り,C,見送り,NO BET,見送り,NO BET,見送り,NO BET,見送り,NO BET,見送り,NO BET,見送り,NO BET,見送り,NO BET
2026-11-10,火,見送り,C,蒲田,マルハンメガシティ2000蒲田7,91.0,41.0,33.0,18,8.0,0.6391,通常ベース,[],見送り,NO BET,見送り,NO BET,見送り,NO BET,見送り,NO BET,見送り,NO BET,見送り,C,見送り,NO BET,見送り,NO BET,見送り,NO BET,見送り,C,見送り,NO BET,見送り,NO BET,見送り,NO BET
2026-11-11,水,エスパス日拓渋谷駅前新館,B,渋谷,エスパス日拓渋谷駅前新館,179.6,129.6,117.6,22,12.0,0.4012,月日ゾロ目,[],エスパス日拓渋谷駅前新館,B,見送り,NO BET,見送り,NO BET,マルハン新宿東宝ビル店,B,見送り,NO BET,見送り,C,見送り,NO BET,見送り,NO BET,見送り,NO BET,見送り,NO BET,見送り,NO BET,見送り,C,見送り,NO BET
2026-11-12,木,見送り,C,蒲田,マルハンメガシティ2000蒲田7,91.0,41.0,33.0,18,8.0,0.6338,通常ベース,[],見送り,NO BET,見送り,NO BET,見送り,NO BET,見送り,NO BET,見送り,NO BET,見送り,C,見送り,NO BET,見送り,NO BET,見送り,NO BET,見送り,NO BET,見送り,NO BET,見送り,NO BET,見送り,NO BET
2026-11-13,金,見送り,C,蒲田,マルハンメガシティ2000蒲田7,91.0,41.0,33.0,18,8.0,0.6312,通常ベース,[],見送り,NO BET,見送り,NO BET,見送り,NO BET,見送り,NO BET,見送り,C,見送り,C,見送り,NO BET,見送り,NO BET,見送り,NO BET,見送り,NO BET,見送り,NO BET,見送り,NO BET,見送り,NO BET
2026-11-14,土,マルハンメガシティ2000蒲田7,B,蒲田,マルハンメガシティ2000蒲田7,159.8,109.8,101.8,18,8.0,0.4563,土曜,[],見送り,NO BET,見送り,NO BET,見送り,C,見送り,NO BET,見送り,NO BET,マルハンメガシティ2000蒲田7,B,みとや大森町店,B,見送り,NO BET,見送り,NO BET,見送り,NO BET,見送り,NO BET,見送り,NO BET,見送り,NO BET
2026-11-15,日,エスパス日拓渋谷駅前新館,B,渋谷,エスパス日拓渋谷駅前新館,217.1,167.1,155.1,22,12.0,0.4219,本館閉店後の日曜,[],エスパス日拓渋谷駅前新館,B,見送り,NO BET,見送り,NO BET,見送り,NO BET,見送り,C,見送り,NO BET,見送り,NO BET,見送り,NO BET,見送り,NO BET,見送り,NO BET,見送り,NO BET,見送り,NO BET,見送り,NO BET
2026-11-16,月,マルハン新宿東宝ビル店,B,副都心線北上,マルハン新宿東宝ビル店,123.1,73.1,45.1,38,28.0,0.5554,6のつく日・補助,[],見送り,NO BET,見送り,NO BET,見送り,NO BET,マルハン新宿東宝ビル店,B,見送り,NO BET,見送り,C,見送り,NO BET,見送り,NO BET,見送り,NO BET,見送り,NO BET,見送り,NO BET,見送り,NO BET,見送り,NO BET
2026-11-17,火,YASUDA7（東池袋7号店）,B,副都心線北上,YASUDA7（東池袋7号店）,213.7,163.7,135.7,38,28.0,0.4757,7のつく日,[],見送り,NO BET,見送り,NO BET,見送り,NO BET,YASUDA7（東池袋7号店）,B,見送り,C,マルハンメガシティ2000蒲田7,B,みとや大森町店,B,見送り,NO BET,見送り,NO BET,見送り,NO BET,見送り,NO BET,見送り,NO BET,見送り,NO BET
2026-11-18,水,見送り,C,川崎,ベルシティザシティ川崎店,77.0,77.0,49.0,38,28.0,0.2589,平日の8のつく日・直近上昇レジーム,[],見送り,NO BET,見送り,NO BET,見送り,NO BET,見送り,NO BET,見送り,NO BET,見送り,C,見送り,NO BET,見送り,NO BET,見送り,NO BET,見送り,NO BET,見送り,C,見送り,NO BET,見送り,NO BET
2026-11-19,木,見送り,C,池上線,BIGディッパー戸越銀座店,92.9,42.9,34.9,18,8.0,0.4854,9のつく日（絶対水準B）,[],見送り,NO BET,見送り,NO BET,見送り,NO BET,見送り,NO BET,見送り,C,見送り,C,見送り,NO BET,見送り,NO BET,見送り,NO BET,見送り,NO BET,見送り,NO BET,見送り,NO BET,見送り,NO BET
2026-11-20,金,BIGディッパー戸越銀座店,B,池上線,BIGディッパー戸越銀座店,169.6,119.6,111.6,18,8.0,0.4354,1日・20日（絶対水準）,[],見送り,NO BET,見送り,NO BET,見送り,NO BET,見送り,NO BET,BIGディッパー戸越銀座店,B,見送り,C,見送り,NO BET,見送り,NO BET,見送り,NO BET,見送り,NO BET,見送り,NO BET,見送り,NO BET,見送り,NO BET
2026-11-21,土,マルハン池袋 SLOT BASE,B,副都心線北上,マルハン池袋 SLOT BASE,431.4,381.4,353.4,38,28.0,0.3519,21日,[],見送り,NO BET,見送り,NO BET,見送り,NO BET,マルハン池袋 SLOT BASE,B,見送り,NO BET,マルハンメガシティ2000蒲田7,B,見送り,NO BET,見送り,C,見送り,NO BET,見送り,NO BET,見送り,NO BET,見送り,NO BET,見送り,NO BET
2026-11-22,日,マルハン新宿東宝ビル店,B,副都心線北上,マルハン新宿東宝ビル店,180.9,130.9,102.9,38,28.0,0.3972,22日,[],エスパス日拓渋谷駅前新館,B,見送り,NO BET,見送り,NO BET,マルハン新宿東宝ビル店,B,見送り,NO BET,見送り,C,見送り,NO BET,見送り,NO BET,見送り,NO BET,見送り,NO BET,見送り,NO BET,見送り,NO BET,見送り,NO BET
2026-11-23,月,見送り,C,副都心線北上,マルハン新宿東宝ビル店,158.5,108.5,80.5,38,28.0,0.3955,23日・やばたにえん,"[""祝日""]",見送り,NO BET,見送り,NO BET,見送り,C,見送り,C,見送り,NO BET,見送り,C,見送り,NO BET,見送り,NO BET,見送り,NO BET,見送り,NO BET,見送り,NO BET,見送り,NO BET,見送り,NO BET
2026-11-24,火,みとや大森町店,B,京急線,みとや大森町店,163.0,113.0,75.0,48,38.0,0.462,4のつく日,[],見送り,NO BET,見送り,NO BET,見送り,NO BET,マルハン新宿東宝ビル店,B,見送り,NO BET,見送り,C,みとや大森町店,B,見送り,NO BET,見送り,NO BET,見送り,NO BET,見送り,NO BET,見送り,NO BET,見送り,NO BET
2026-11-25,水,見送り,C,蒲田,マルハンメガシティ2000蒲田7,91.0,41.0,33.0,18,8.0,0.6004,通常ベース,[],見送り,NO BET,見送り,NO BET,見送り,NO BET,見送り,NO BET,見送り,C,見送り,C,見送り,NO BET,見送り,NO BET,見送り,NO BET,見送り,NO BET,見送り,NO BET,見送り,NO BET,見送り,NO BET
2026-11-26,木,マルハン新宿東宝ビル店,B,副都心線北上,マルハン新宿東宝ビル店,123.1,73.1,45.1,38,28.0,0.5327,6のつく日・補助,[],見送り,NO BET,見送り,NO BET,見送り,NO BET,マルハン新宿東宝ビル店,B,見送り,NO BET,見送り,C,見送り,NO BET,見送り,NO BET,見送り,NO BET,見送り,NO BET,見送り,NO BET,見送り,NO BET,見送り,NO BET
2026-11-27,金,YASUDA7（東池袋7号店）,B,副都心線北上,YASUDA7（東池袋7号店）,213.7,163.7,135.7,38,28.0,0.4562,7のつく日,[],エスパス日拓渋谷駅前新館,B,見送り,NO BET,見送り,NO BET,YASUDA7（東池袋7号店）,B,見送り,C,マルハンメガシティ2000蒲田7,B,みとや大森町店,B,見送り,NO BET,見送り,NO BET,見送り,C,見送り,NO BET,見送り,NO BET,見送り,NO BET
2026-11-28,土,マルハンメガシティ2000蒲田7,B,蒲田,マルハンメガシティ2000蒲田7,159.8,109.8,101.8,18,8.0,0.4305,土曜,[],見送り,C,見送り,NO BET,見送り,NO BET,見送り,C,見送り,NO BET,マルハンメガシティ2000蒲田7,B,見送り,NO BET,見送り,NO BET,見送り,NO BET,見送り,NO BET,見送り,NO BET,見送り,NO BET,見送り,NO BET
2026-11-29,日,エスパス日拓渋谷駅前新館,B,渋谷,エスパス日拓渋谷駅前新館,217.1,167.1,155.1,22,12.0,0.398,本館閉店後の日曜,[],エスパス日拓渋谷駅前新館,B,見送り,NO BET,見送り,NO BET,見送り,NO BET,見送り,C,見送り,NO BET,見送り,NO BET,見送り,NO BET,見送り,NO BET,見送り,NO BET,見送り,NO BET,見送り,NO BET,見送り,NO BET
2026-11-30,月,見送り,C,蒲田,マルハンメガシティ2000蒲田7,271.0,221.0,213.0,18,8.0,0.339,30日,[],見送り,NO BET,見送り,NO BET,見送り,NO BET,見送り,NO BET,見送り,NO BET,見送り,C,見送り,NO BET,見送り,NO BET,見送り,NO BET,見送り,NO BET,見送り,NO BET,見送り,NO BET,見送り,NO BET
2026-12-01,火,BIGディッパー戸越銀座店,B,池上線,BIGディッパー戸越銀座店,169.6,119.6,111.6,18,8.0,0.4159,1日・20日（絶対水準）,[],見送り,C,見送り,NO BET,見送り,NO BET,マルハン新宿東宝ビル店,B,BIGディッパー戸越銀座店,B,見送り,C,見送り,NO BET,見送り,NO BET,見送り,NO BET,見送り,NO BET,見送り,NO BET,見送り,NO BET,見送り,NO BET
2026-12-02,水,見送り,C,鹿島田,アサヒ2鹿島田店,136.6,136.6,112.6,34,24.0,0.2682,毎月2日・現行運用パッケージ,[],見送り,NO BET,見送り,NO BET,見送り,NO BET,見送り,NO BET,見送り,NO BET,見送り,C,見送り,NO BET,見送り,NO BET,見送り,NO BET,見送り,NO BET,見送り,NO BET,見送り,NO BET,見送り,C
2026-12-03,木,見送り,C,蒲田,マルハンメガシティ2000蒲田7,91.0,41.0,33.0,18,8.0,0.5807,通常ベース,[],見送り,NO BET,見送り,NO BET,見送り,NO BET,見送り,NO BET,見送り,C,見送り,C,見送り,NO BET,見送り,NO BET,見送り,NO BET,見送り,NO BET,見送り,NO BET,見送り,NO BET,見送り,NO BET
2026-12-04,金,みとや大森町店,B,京急線,みとや大森町店,163.0,113.0,75.0,48,38.0,0.4431,4のつく日,[],見送り,NO BET,見送り,NO BET,見送り,NO BET,見送り,NO BET,見送り,NO BET,見送り,C,みとや大森町店,B,見送り,NO BET,見送り,NO BET,見送り,NO BET,見送り,NO BET,見送り,NO BET,見送り,NO BET
2026-12-05,土,エスパス日拓渋谷駅前新館,B,渋谷,エスパス日拓渋谷駅前新館,213.2,163.2,151.2,22,12.0,0.3763,5日,[],エスパス日拓渋谷駅前新館,B,見送り,NO BET,見送り,NO BET,見送り,NO BET,見送り,C,マルハンメガシティ2000蒲田7,B,見送り,NO BET,見送り,NO BET,見送り,NO BET,見送り,NO BET,見送り,NO BET,見送り,NO BET,見送り,NO BET
2026-12-06,日,エスパス日拓渋谷駅前新館,B,渋谷,エスパス日拓渋谷駅前新館,217.1,167.1,155.1,22,12.0,0.3866,本館閉店後の日曜,[],エスパス日拓渋谷駅前新館,B,見送り,NO BET,見送り,NO BET,マルハン新宿東宝ビル店,B,見送り,NO BET,見送り,NO BET,見送り,NO BET,見送り,NO BET,見送り,NO BET,見送り,NO BET,見送り,NO BET,見送り,NO BET,見送り,NO BET
2026-12-07,月,YASUDA7（東池袋7号店）,B,副都心線北上,YASUDA7（東池袋7号店）,213.7,163.7,135.7,38,28.0,0.4376,7のつく日,[],見送り,NO BET,見送り,NO BET,見送り,NO BET,YASUDA7（東池袋7号店）,B,見送り,C,マルハンメガシティ2000蒲田7,B,みとや大森町店,B,見送り,NO BET,見送り,NO BET,見送り,NO BET,見送り,NO BET,見送り,NO BET,見送り,NO BET
2026-12-08,火,見送り,C,川崎,ベルシティザシティ川崎店,77.0,77.0,49.0,38,28.0,0.2382,平日の8のつく日・直近上昇レジーム,[],見送り,NO BET,見送り,NO BET,見送り,NO BET,見送り,NO BET,見送り,NO BET,見送り,C,見送り,NO BET,見送り,NO BET,見送り,NO BET,見送り,NO BET,見送り,C,見送り,NO BET,見送り,NO BET
2026-12-09,水,見送り,C,池上線,BIGディッパー戸越銀座店,92.9,42.9,34.9,18,8.0,0.4466,9のつく日（絶対水準B）,[],見送り,NO BET,見送り,NO BET,見送り,NO BET,見送り,NO BET,見送り,C,見送り,C,見送り,NO BET,見送り,NO BET,見送り,NO BET,見送り,NO BET,見送り,NO BET,見送り,NO BET,見送り,NO BET
2026-12-10,木,見送り,C,蒲田,マルハンメガシティ2000蒲田7,91.0,41.0,33.0,18,8.0,0.564,通常ベース,[],見送り,NO BET,見送り,NO BET,見送り,NO BET,見送り,NO BET,見送り,NO BET,見送り,C,見送り,NO BET,見送り,NO BET,見送り,NO BET,見送り,C,見送り,NO BET,見送り,NO BET,見送り,NO BET
2026-12-11,金,エスパス日拓渋谷駅前新館,B,渋谷,エスパス日拓渋谷駅前新館,184.8,134.8,122.8,22,12.0,0.367,11日,[],エスパス日拓渋谷駅前新館,B,見送り,NO BET,見送り,NO BET,マルハン新宿東宝ビル店,B,見送り,NO BET,見送り,C,見送り,NO BET,見送り,NO BET,見送り,NO BET,見送り,NO BET,見送り,NO BET,見送り,C,見送り,NO BET
2026-12-12,土,エスパス日拓渋谷駅前新館,B,渋谷,エスパス日拓渋谷駅前新館,179.6,129.6,117.6,22,12.0,0.3526,月日ゾロ目,[],エスパス日拓渋谷駅前新館,B,見送り,NO BET,見送り,C,見送り,C,見送り,NO BET,見送り,C,見送り,NO BET,見送り,NO BET,見送り,NO BET,見送り,NO BET,見送り,NO BET,見送り,NO BET,見送り,NO BET
2026-12-13,日,エスパス日拓渋谷駅前新館,B,渋谷,エスパス日拓渋谷駅前新館,217.1,167.1,155.1,22,12.0,0.3754,本館閉店後の日曜,[],エスパス日拓渋谷駅前新館,B,見送り,NO BET,見送り,NO BET,見送り,NO BET,見送り,C,見送り,NO BET,見送り,NO BET,見送り,NO BET,見送り,NO BET,見送り,NO BET,見送り,NO BET,見送り,NO BET,見送り,NO BET
2026-12-14,月,みとや大森町店,B,京急線,みとや大森町店,163.0,113.0,75.0,48,38.0,0.425,4のつく日,[],見送り,NO BET,見送り,NO BET,見送り,NO BET,見送り,NO BET,見送り,NO BET,見送り,C,みとや大森町店,B,見送り,NO BET,見送り,NO BET,見送り,NO BET,見送り,NO BET,見送り,NO BET,見送り,NO BET
2026-12-15,火,見送り,C,蒲田,マルハンメガシティ2000蒲田7,91.0,41.0,33.0,18,8.0,0.5524,通常ベース,[],見送り,NO BET,見送り,NO BET,見送り,NO BET,見送り,NO BET,見送り,C,見送り,C,見送り,NO BET,見送り,NO BET,見送り,NO BET,見送り,NO BET,見送り,NO BET,見送り,NO BET,見送り,NO BET
2026-12-16,水,マルハン新宿東宝ビル店,B,副都心線北上,マルハン新宿東宝ビル店,123.1,73.1,45.1,38,28.0,0.4901,6のつく日・補助,[],見送り,NO BET,見送り,NO BET,見送り,NO BET,マルハン新宿東宝ビル店,B,見送り,NO BET,見送り,C,見送り,NO BET,見送り,NO BET,見送り,NO BET,見送り,NO BET,見送り,NO BET,見送り,NO BET,見送り,NO BET
2026-12-17,木,YASUDA7（東池袋7号店）,B,副都心線北上,YASUDA7（東池袋7号店）,213.7,163.7,135.7,38,28.0,0.4198,7のつく日,[],見送り,NO BET,見送り,NO BET,見送り,NO BET,YASUDA7（東池袋7号店）,B,見送り,C,マルハンメガシティ2000蒲田7,B,みとや大森町店,B,見送り,NO BET,見送り,NO BET,見送り,NO BET,見送り,NO BET,見送り,NO BET,見送り,NO BET
2026-12-18,金,見送り,C,川崎,ベルシティザシティ川崎店,77.0,77.0,49.0,38,28.0,0.2285,平日の8のつく日・直近上昇レジーム,[],見送り,NO BET,見送り,NO BET,見送り,NO BET,見送り,NO BET,見送り,NO BET,見送り,C,見送り,NO BET,見送り,NO BET,見送り,NO BET,見送り,NO BET,見送り,C,見送り,NO BET,見送り,NO BET
2026-12-19,土,マルハンメガシティ2000蒲田7,B,蒲田,マルハンメガシティ2000蒲田7,159.8,109.8,101.8,18,8.0,0.3944,土曜,[],見送り,NO BET,見送り,C,見送り,NO BET,見送り,NO BET,見送り,C,マルハンメガシティ2000蒲田7,B,見送り,NO BET,見送り,C,見送り,NO BET,見送り,NO BET,見送り,NO BET,見送り,NO BET,見送り,NO BET
2026-12-20,日,エスパス日拓渋谷駅前新館,B,渋谷,エスパス日拓渋谷駅前新館,217.1,167.1,155.1,22,12.0,0.3647,本館閉店後の日曜,[],エスパス日拓渋谷駅前新館,B,見送り,NO BET,見送り,NO BET,見送り,NO BET,BIGディッパー戸越銀座店,B,見送り,NO BET,見送り,NO BET,見送り,NO BET,見送り,NO BET,見送り,NO BET,見送り,NO BET,見送り,NO BET,見送り,NO BET
2026-12-21,月,マルハン新宿東宝ビル店,B,副都心線北上,マルハン新宿東宝ビル店,241.9,191.9,163.9,38,28.0,0.352,21日・店長就任日,[],見送り,NO BET,見送り,NO BET,見送り,NO BET,マルハン新宿東宝ビル店,B,見送り,NO BET,見送り,C,見送り,NO BET,見送り,NO BET,見送り,NO BET,見送り,NO BET,見送り,NO BET,見送り,NO BET,見送り,NO BET
2026-12-22,火,マルハン新宿東宝ビル店,B,副都心線北上,マルハン新宿東宝ビル店,180.9,130.9,102.9,38,28.0,0.3505,22日,[],見送り,C,見送り,NO BET,見送り,NO BET,マルハン新宿東宝ビル店,B,見送り,NO BET,見送り,C,見送り,NO BET,見送り,NO BET,見送り,NO BET,見送り,NO BET,見送り,NO BET,見送り,NO BET,見送り,NO BET
2026-12-23,水,見送り,C,副都心線北上,マルハン新宿東宝ビル店,158.5,108.5,80.5,38,28.0,0.3491,23日・やばたにえん,[],見送り,NO BET,見送り,NO BET,見送り,C,見送り,C,見送り,C,見送り,C,見送り,NO BET,見送り,NO BET,見送り,NO BET,見送り,NO BET,見送り,NO BET,見送り,NO BET,見送り,NO BET
2026-12-24,木,みとや大森町店,B,京急線,みとや大森町店,163.0,113.0,75.0,48,38.0,0.4077,4のつく日,[],見送り,NO BET,見送り,NO BET,見送り,NO BET,見送り,C,見送り,NO BET,見送り,C,みとや大森町店,B,見送り,NO BET,見送り,NO BET,見送り,NO BET,見送り,NO BET,見送り,NO BET,見送り,NO BET
2026-12-25,金,見送り,C,蒲田,マルハンメガシティ2000蒲田7,91.0,41.0,33.0,18,8.0,0.5299,通常ベース,[],見送り,NO BET,見送り,NO BET,見送り,NO BET,見送り,NO BET,見送り,C,見送り,C,見送り,NO BET,見送り,NO BET,見送り,NO BET,見送り,NO BET,見送り,NO BET,見送り,NO BET,見送り,NO BET
2026-12-26,土,マルハンメガシティ2000蒲田7,B,蒲田,マルハンメガシティ2000蒲田7,159.8,109.8,101.8,18,8.0,0.3831,土曜,[],見送り,NO BET,見送り,NO BET,見送り,NO BET,見送り,C,見送り,NO BET,マルハンメガシティ2000蒲田7,B,見送り,NO BET,見送り,NO BET,見送り,NO BET,見送り,NO BET,見送り,NO BET,見送り,NO BET,見送り,NO BET
2026-12-27,日,見送り,C,副都心線北上,YASUDA7（東池袋7号店）,213.7,163.7,135.7,38,28.0,0.4026,7のつく日,"[""年末年始""]",見送り,NO BET,見送り,NO BET,見送り,NO BET,見送り,C,見送り,NO BET,見送り,C,見送り,C,見送り,NO BET,見送り,NO BET,見送り,NO BET,見送り,NO BET,見送り,NO BET,見送り,NO BET
2026-12-28,月,見送り,C,副都心線北上,マルハン池袋 SLOT BASE,225.1,175.1,147.1,38,28.0,0.3016,28日,[],見送り,NO BET,見送り,C,見送り,NO BET,見送り,C,見送り,NO BET,見送り,C,見送り,NO BET,見送り,NO BET,見送り,NO BET,見送り,NO BET,見送り,NO BET,見送り,NO BET,見送り,NO BET
2026-12-29,火,見送り,C,蒲田,マルハンメガシティ2000蒲田7,91.0,41.0,33.0,18,8.0,0.5211,通常ベース,[],見送り,NO BET,見送り,NO BET,見送り,NO BET,見送り,NO BET,見送り,NO BET,見送り,C,見送り,NO BET,見送り,NO BET,見送り,NO BET,見送り,NO BET,見送り,NO BET,見送り,NO BET,見送り,NO BET
2026-12-30,水,見送り,C,蒲田,マルハンメガシティ2000蒲田7,271.0,221.0,213.0,18,8.0,0.2991,30日,[],見送り,NO BET,見送り,NO BET,見送り,NO BET,見送り,NO BET,見送り,NO BET,見送り,C,見送り,NO BET,見送り,NO BET,見送り,NO BET,見送り,NO BET,見送り,NO BET,見送り,NO BET,見送り,NO BET
2026-12-31,木,見送り,NO BET,副都心線北上,マルハン新宿東宝ビル店,239.1,189.1,161.1,38,28.0,0.2626,31日・隠れ看板,"[""年末年始""]",見送り,NO BET,見送り,NO BET,見送り,NO BET,見送り,NO BET,見送り,NO BET,見送り,NO BET,見送り,NO BET,見送り,NO BET,見送り,NO BET,見送り,NO BET,見送り,NO BET,見送り,NO BET,見送り,NO BET
2027-01-01,金,見送り,C,蒲田,マルハンメガシティ2000蒲田7,185.2,135.2,127.2,18,8.0,0.2402,ゾロ目,[],見送り,NO BET,見送り,NO BET,見送り,NO BET,見送り,NO BET,見送り,NO BET,見送り,C,見送り,NO BET,見送り,NO BET,見送り,NO BET,見送り,NO BET,見送り,NO BET,見送り,NO BET,見送り,NO BET
2027-01-02,土,マルハンメガシティ2000蒲田7,B,蒲田,マルハンメガシティ2000蒲田7,159.8,109.8,101.8,18,8.0,0.372,土曜,[],見送り,NO BET,見送り,NO BET,見送り,NO BET,見送り,NO BET,見送り,NO BET,マルハンメガシティ2000蒲田7,B,見送り,NO BET,見送り,NO BET,見送り,NO BET,見送り,NO BET,見送り,NO BET,見送り,NO BET,見送り,NO BET
2027-01-03,日,見送り,NO BET,渋谷,エスパス日拓渋谷駅前新館,217.1,167.1,155.1,22,12.0,0.344,本館閉店後の日曜,"[""年末年始""]",見送り,NO BET,見送り,NO BET,見送り,NO BET,見送り,NO BET,見送り,NO BET,見送り,NO BET,見送り,NO BET,見送り,NO BET,見送り,NO BET,見送り,NO BET,見送り,NO BET,見送り,NO BET,見送り,NO BET
2027-01-04,月,みとや大森町店,B,京急線,みとや大森町店,163.0,113.0,75.0,48,38.0,0.3894,4のつく日,[],見送り,NO BET,見送り,NO BET,見送り,NO BET,見送り,NO BET,見送り,NO BET,見送り,C,みとや大森町店,B,見送り,NO BET,見送り,NO BET,見送り,NO BET,見送り,NO BET,見送り,NO BET,見送り,NO BET
2027-01-05,火,見送り,C,渋谷,エスパス日拓渋谷駅前新館,213.2,163.2,151.2,22,12.0,0.3307,5日,[],見送り,C,見送り,NO BET,見送り,NO BET,見送り,NO BET,見送り,C,見送り,C,見送り,NO BET,見送り,NO BET,見送り,NO BET,見送り,NO BET,見送り,NO BET,見送り,NO BET,見送り,NO BET
2027-01-06,水,マルハン新宿東宝ビル店,B,副都心線北上,マルハン新宿東宝ビル店,123.1,73.1,45.1,38,28.0,0.449,6のつく日・補助,[],見送り,NO BET,見送り,NO BET,見送り,NO BET,マルハン新宿東宝ビル店,B,見送り,NO BET,見送り,C,見送り,NO BET,見送り,NO BET,見送り,NO BET,見送り,NO BET,見送り,NO BET,見送り,NO BET,見送り,NO BET
2027-01-07,木,YASUDA7（東池袋7号店）,B,副都心線北上,YASUDA7（東池袋7号店）,213.7,163.7,135.7,38,28.0,0.3846,7のつく日,[],見送り,NO BET,見送り,NO BET,見送り,NO BET,YASUDA7（東池袋7号店）,B,見送り,C,マルハンメガシティ2000蒲田7,B,みとや大森町店,B,見送り,NO BET,見送り,NO BET,見送り,NO BET,見送り,NO BET,見送り,NO BET,見送り,NO BET
2027-01-08,金,見送り,C,川崎,ベルシティザシティ川崎店,77.0,77.0,49.0,38,28.0,0.2093,平日の8のつく日・直近上昇レジーム,[],見送り,NO BET,見送り,NO BET,見送り,NO BET,見送り,NO BET,見送り,NO BET,見送り,C,見送り,NO BET,見送り,NO BET,見送り,NO BET,見送り,NO BET,見送り,C,見送り,NO BET,見送り,NO BET
2027-01-09,土,マルハンメガシティ2000蒲田7,B,蒲田,マルハンメガシティ2000蒲田7,159.8,109.8,101.8,18,8.0,0.3613,土曜,[],見送り,NO BET,見送り,C,見送り,C,見送り,NO BET,見送り,C,マルハンメガシティ2000蒲田7,B,見送り,NO BET,見送り,NO BET,見送り,NO BET,見送り,NO BET,見送り,NO BET,見送り,NO BET,見送り,NO BET
2027-01-10,日,見送り,C,渋谷,エスパス日拓渋谷駅前新館,217.1,167.1,155.1,22,12.0,0.3341,本館閉店後の日曜,[],見送り,C,見送り,NO BET,見送り,NO BET,見送り,NO BET,見送り,NO BET,見送り,NO BET,見送り,NO BET,見送り,NO BET,見送り,NO BET,見送り,C,見送り,NO BET,見送り,NO BET,見送り,NO BET
2027-01-11,月,見送り,C,蒲田,マルハンメガシティ2000 蒲田1,159.2,109.2,101.2,18,8.0,0.2508,11日,[],見送り,NO BET,見送り,NO BET,見送り,NO BET,見送り,NO BET,見送り,NO BET,見送り,C,見送り,NO BET,見送り,NO BET,見送り,NO BET,見送り,NO BET,見送り,NO BET,見送り,NO BET,見送り,NO BET
2027-01-12,火,見送り,NO BET,蒲田,マルハンメガシティ2000蒲田7,91.0,41.0,33.0,18,8.0,0.4916,通常ベース,[],見送り,NO BET,見送り,NO BET,見送り,NO BET,見送り,NO BET,見送り,NO BET,見送り,NO BET,見送り,NO BET,見送り,NO BET,見送り,NO BET,見送り,NO BET,見送り,NO BET,見送り,NO BET,見送り,NO BET
2027-01-13,水,見送り,NO BET,蒲田,マルハンメガシティ2000蒲田7,91.0,41.0,33.0,18,8.0,0.4895,通常ベース,[],見送り,NO BET,見送り,NO BET,見送り,NO BET,見送り,NO BET,見送り,NO BET,見送り,NO BET,見送り,NO BET,見送り,NO BET,見送り,NO BET,見送り,NO BET,見送り,NO BET,見送り,NO BET,見送り,NO BET
2027-01-14,木,見送り,C,京急線,みとや大森町店,163.0,113.0,75.0,48,38.0,0.3735,4のつく日,[],見送り,NO BET,見送り,NO BET,見送り,NO BET,見送り,NO BET,見送り,NO BET,見送り,NO BET,見送り,C,見送り,NO BET,見送り,NO BET,見送り,NO BET,見送り,NO BET,見送り,NO BET,見送り,NO BET
2027-01-15,金,見送り,NO BET,蒲田,マルハンメガシティ2000蒲田7,91.0,41.0,33.0,18,8.0,0.4855,通常ベース,[],見送り,NO BET,見送り,NO BET,見送り,NO BET,見送り,NO BET,見送り,NO BET,見送り,NO BET,見送り,NO BET,見送り,NO BET,見送り,NO BET,見送り,NO BET,見送り,NO BET,見送り,NO BET,見送り,NO BET
2027-01-16,土,見送り,C,蒲田,マルハンメガシティ2000蒲田7,159.8,109.8,101.8,18,8.0,0.351,土曜,[],見送り,NO BET,見送り,NO BET,見送り,NO BET,見送り,NO BET,見送り,NO BET,見送り,C,見送り,NO BET,見送り,NO BET,見送り,NO BET,見送り,NO BET,見送り,NO BET,見送り,NO BET,見送り,NO BET
2027-01-17,日,見送り,C,副都心線北上,YASUDA7（東池袋7号店）,213.7,163.7,135.7,38,28.0,0.3689,7のつく日,[],見送り,NO BET,見送り,NO BET,見送り,NO BET,見送り,C,見送り,NO BET,見送り,NO BET,見送り,C,見送り,NO BET,見送り,NO BET,見送り,NO BET,見送り,NO BET,見送り,NO BET,見送り,NO BET
2027-01-18,月,見送り,NO BET,川崎,ベルシティザシティ川崎店,77.0,77.0,49.0,38,28.0,0.2008,平日の8のつく日・直近上昇レジーム,[],見送り,NO BET,見送り,NO BET,見送り,NO BET,見送り,NO BET,見送り,NO BET,見送り,NO BET,見送り,NO BET,見送り,NO BET,見送り,NO BET,見送り,NO BET,見送り,NO BET,見送り,NO BET,見送り,NO BET
2027-01-19,火,見送り,NO BET,池上線,BIGディッパー戸越銀座店,92.9,42.9,34.9,18,8.0,0.3764,9のつく日（絶対水準B）,[],見送り,NO BET,見送り,NO BET,見送り,NO BET,見送り,NO BET,見送り,NO BET,見送り,NO BET,見送り,NO BET,見送り,NO BET,見送り,NO BET,見送り,NO BET,見送り,NO BET,見送り,NO BET,見送り,NO BET
2027-01-20,水,見送り,NO BET,池上線,BIGディッパー戸越銀座店,169.6,119.6,111.6,18,8.0,0.3377,1日・20日（絶対水準）,[],見送り,NO BET,見送り,NO BET,見送り,NO BET,見送り,NO BET,見送り,NO BET,見送り,NO BET,見送り,NO BET,見送り,NO BET,見送り,NO BET,見送り,NO BET,見送り,NO BET,見送り,NO BET,見送り,NO BET
2027-01-21,木,見送り,NO BET,副都心線北上,マルハン池袋 SLOT BASE,431.4,381.4,353.4,38,28.0,0.2729,21日,[],見送り,NO BET,見送り,NO BET,見送り,NO BET,見送り,NO BET,見送り,NO BET,見送り,NO BET,見送り,NO BET,見送り,NO BET,見送り,NO BET,見送り,NO BET,見送り,NO BET,見送り,NO BET,見送り,NO BET
2027-01-22,金,見送り,NO BET,副都心線北上,マルハン池袋 SLOT BASE,189.1,139.1,111.1,38,28.0,0.2718,22日,[],見送り,NO BET,見送り,NO BET,見送り,NO BET,見送り,NO BET,見送り,NO BET,見送り,NO BET,見送り,NO BET,見送り,NO BET,見送り,NO BET,見送り,NO BET,見送り,NO BET,見送り,NO BET,見送り,NO BET
2027-01-23,土,見送り,NO BET,蒲田,マルハンメガシティ2000蒲田7,159.8,109.8,101.8,18,8.0,0.3409,土曜,[],見送り,NO BET,見送り,NO BET,見送り,NO BET,見送り,NO BET,見送り,NO BET,見送り,NO BET,見送り,NO BET,見送り,NO BET,見送り,NO BET,見送り,NO BET,見送り,NO BET,見送り,NO BET,見送り,NO BET
2027-01-24,日,見送り,C,京急線,みとや大森町店,163.0,113.0,75.0,48,38.0,0.3583,4のつく日,[],見送り,NO BET,見送り,NO BET,見送り,NO BET,見送り,NO BET,見送り,NO BET,見送り,NO BET,見送り,C,見送り,NO BET,見送り,NO BET,見送り,NO BET,見送り,NO BET,見送り,NO BET,見送り,NO BET
2027-01-25,月,見送り,NO BET,蒲田,マルハンメガシティ2000蒲田7,91.0,41.0,33.0,18,8.0,0.4657,通常ベース,[],見送り,NO BET,見送り,NO BET,見送り,NO BET,見送り,NO BET,見送り,NO BET,見送り,NO BET,見送り,NO BET,見送り,NO BET,見送り,NO BET,見送り,NO BET,見送り,NO BET,見送り,NO BET,見送り,NO BET
2027-01-26,火,見送り,C,副都心線北上,マルハン新宿東宝ビル店,123.1,73.1,45.1,38,28.0,0.4131,6のつく日・補助,[],見送り,NO BET,見送り,NO BET,見送り,NO BET,見送り,C,見送り,NO BET,見送り,NO BET,見送り,NO BET,見送り,NO BET,見送り,NO BET,見送り,NO BET,見送り,NO BET,見送り,NO BET,見送り,NO BET
2027-01-27,水,見送り,C,副都心線北上,YASUDA7（東池袋7号店）,213.7,163.7,135.7,38,28.0,0.3538,7のつく日,[],見送り,NO BET,見送り,NO BET,見送り,NO BET,見送り,C,見送り,NO BET,見送り,NO BET,見送り,C,見送り,NO BET,見送り,NO BET,見送り,NO BET,見送り,NO BET,見送り,NO BET,見送り,NO BET
2027-01-28,木,見送り,NO BET,渋谷,楽園渋谷道玄坂店,232.5,182.5,169.5,23,13.0,0.2374,28日,[],見送り,NO BET,見送り,NO BET,見送り,NO BET,見送り,NO BET,見送り,NO BET,見送り,NO BET,見送り,NO BET,見送り,NO BET,見送り,NO BET,見送り,NO BET,見送り,NO BET,見送り,NO BET,見送り,NO BET
2027-01-29,金,見送り,NO BET,池上線,BIGディッパー戸越銀座店,92.9,42.9,34.9,18,8.0,0.3611,9のつく日（絶対水準B）,[],見送り,NO BET,見送り,NO BET,見送り,NO BET,見送り,NO BET,見送り,NO BET,見送り,NO BET,見送り,NO BET,見送り,NO BET,見送り,NO BET,見送り,NO BET,見送り,NO BET,見送り,NO BET,見送り,NO BET
2027-01-30,土,見送り,NO BET,蒲田,マルハンメガシティ2000蒲田7,271.0,221.0,213.0,18,8.0,0.2629,30日,[],見送り,NO BET,見送り,NO BET,見送り,NO BET,見送り,NO BET,見送り,NO BET,見送り,NO BET,見送り,NO BET,見送り,NO BET,見送り,NO BET,見送り,NO BET,見送り,NO BET,見送り,NO BET,見送り,NO BET
2027-01-31,日,見送り,NO BET,副都心線北上,マルハン新宿東宝ビル店,239.1,189.1,161.1,38,28.0,0.2308,31日・隠れ看板,[],見送り,NO BET,見送り,NO BET,見送り,NO BET,見送り,NO BET,見送り,NO BET,見送り,NO BET,見送り,NO BET,見送り,NO BET,見送り,NO BET,見送り,NO BET,見送り,NO BET,見送り,NO BET,見送り,NO BET
2027-02-01,月,見送り,NO BET,池上線,BIGディッパー戸越銀座店,169.6,119.6,111.6,18,8.0,0.3212,1日・20日（絶対水準）,[],見送り,NO BET,見送り,NO BET,見送り,NO BET,見送り,NO BET,見送り,NO BET,見送り,NO BET,見送り,NO BET,見送り,NO BET,見送り,NO BET,見送り,NO BET,見送り,NO BET,見送り,NO BET,見送り,NO BET
2027-02-02,火,見送り,NO BET,蒲田,マルハンメガシティ2000蒲田7,185.2,135.2,127.2,18,8.0,0.2102,ゾロ目,[],見送り,NO BET,見送り,NO BET,見送り,NO BET,見送り,NO BET,見送り,NO BET,見送り,NO BET,見送り,NO BET,見送り,NO BET,見送り,NO BET,見送り,NO BET,見送り,NO BET,見送り,NO BET,見送り,NO BET
2027-02-03,水,見送り,NO BET,蒲田,マルハンメガシティ2000蒲田7,91.0,41.0,33.0,18,8.0,0.4485,通常ベース,[],見送り,NO BET,見送り,NO BET,見送り,NO BET,見送り,NO BET,見送り,NO BET,見送り,NO BET,見送り,NO BET,見送り,NO BET,見送り,NO BET,見送り,NO BET,見送り,NO BET,見送り,NO BET,見送り,NO BET
2027-02-04,木,見送り,NO BET,京急線,みとや大森町店,163.0,113.0,75.0,48,38.0,0.3422,4のつく日,[],見送り,NO BET,見送り,NO BET,見送り,NO BET,見送り,NO BET,見送り,NO BET,見送り,NO BET,見送り,NO BET,見送り,NO BET,見送り,NO BET,見送り,NO BET,見送り,NO BET,見送り,NO BET,見送り,NO BET
2027-02-05,金,見送り,NO BET,渋谷,エスパス日拓渋谷駅前新館,213.2,163.2,151.2,22,12.0,0.2906,5日,[],見送り,NO BET,見送り,NO BET,見送り,NO BET,見送り,NO BET,見送り,NO BET,見送り,NO BET,見送り,NO BET,見送り,NO BET,見送り,NO BET,見送り,NO BET,見送り,NO BET,見送り,NO BET,見送り,NO BET
2027-02-06,土,見送り,NO BET,蒲田,マルハンメガシティ2000蒲田7,159.8,109.8,101.8,18,8.0,0.3216,土曜,[],見送り,NO BET,見送り,NO BET,見送り,NO BET,見送り,NO BET,見送り,NO BET,見送り,NO BET,見送り,NO BET,見送り,NO BET,見送り,NO BET,見送り,NO BET,見送り,NO BET,見送り,NO BET,見送り,NO BET
2027-02-07,日,見送り,NO BET,渋谷,エスパス日拓渋谷駅前新館,217.1,167.1,155.1,22,12.0,0.2973,本館閉店後の日曜,[],見送り,NO BET,見送り,NO BET,見送り,NO BET,見送り,NO BET,見送り,NO BET,見送り,NO BET,見送り,NO BET,見送り,NO BET,見送り,NO BET,見送り,NO BET,見送り,NO BET,見送り,NO BET,見送り,NO BET
2027-02-08,月,見送り,NO BET,川崎,ベルシティザシティ川崎店,77.0,77.0,49.0,38,28.0,0.184,平日の8のつく日・直近上昇レジーム,[],見送り,NO BET,見送り,NO BET,見送り,NO BET,見送り,NO BET,見送り,NO BET,見送り,NO BET,見送り,NO BET,見送り,NO BET,見送り,NO BET,見送り,NO BET,見送り,NO BET,見送り,NO BET,見送り,NO BET
2027-02-09,火,見送り,NO BET,池上線,BIGディッパー戸越銀座店,92.9,42.9,34.9,18,8.0,0.3449,9のつく日（絶対水準B）,[],見送り,NO BET,見送り,NO BET,見送り,NO BET,見送り,NO BET,見送り,NO BET,見送り,NO BET,見送り,NO BET,見送り,NO BET,見送り,NO BET,見送り,NO BET,見送り,NO BET,見送り,NO BET,見送り,NO BET
2027-02-10,水,見送り,NO BET,蒲田,マルハンメガシティ2000蒲田7,91.0,41.0,33.0,18,8.0,0.4356,通常ベース,[],見送り,NO BET,見送り,NO BET,見送り,NO BET,見送り,NO BET,見送り,NO BET,見送り,NO BET,見送り,NO BET,見送り,NO BET,見送り,NO BET,見送り,NO BET,見送り,NO BET,見送り,NO BET,見送り,NO BET
2027-02-11,木,見送り,NO BET,渋谷,エスパス日拓渋谷駅前新館,184.8,134.8,122.8,22,12.0,0.2834,11日,"[""祝日""]",見送り,NO BET,見送り,NO BET,見送り,NO BET,見送り,NO BET,見送り,NO BET,見送り,NO BET,見送り,NO BET,見送り,NO BET,見送り,NO BET,見送り,NO BET,見送り,NO BET,見送り,NO BET,見送り,NO BET
2027-02-12,金,見送り,NO BET,蒲田,マルハンメガシティ2000蒲田7,91.0,41.0,33.0,18,8.0,0.432,通常ベース,[],見送り,NO BET,見送り,NO BET,見送り,NO BET,見送り,NO BET,見送り,NO BET,見送り,NO BET,見送り,NO BET,見送り,NO BET,見送り,NO BET,見送り,NO BET,見送り,NO BET,見送り,NO BET,見送り,NO BET
2027-02-13,土,見送り,NO BET,蒲田,マルハンメガシティ2000蒲田7,159.8,109.8,101.8,18,8.0,0.3123,土曜,[],見送り,NO BET,見送り,NO BET,見送り,NO BET,見送り,NO BET,見送り,NO BET,見送り,NO BET,見送り,NO BET,見送り,NO BET,見送り,NO BET,見送り,NO BET,見送り,NO BET,見送り,NO BET,見送り,NO BET
2027-02-14,日,見送り,NO BET,京急線,みとや大森町店,163.0,113.0,75.0,48,38.0,0.3283,4のつく日,[],見送り,NO BET,見送り,NO BET,見送り,NO BET,見送り,NO BET,見送り,NO BET,見送り,NO BET,見送り,NO BET,見送り,NO BET,見送り,NO BET,見送り,NO BET,見送り,NO BET,見送り,NO BET,見送り,NO BET
2027-02-15,月,見送り,NO BET,蒲田,マルハンメガシティ2000蒲田7,91.0,41.0,33.0,18,8.0,0.4267,通常ベース,[],見送り,NO BET,見送り,NO BET,見送り,NO BET,見送り,NO BET,見送り,NO BET,見送り,NO BET,見送り,NO BET,見送り,NO BET,見送り,NO BET,見送り,NO BET,見送り,NO BET,見送り,NO BET,見送り,NO BET
2027-02-16,火,見送り,C,副都心線北上,マルハン新宿東宝ビル店,123.1,73.1,45.1,38,28.0,0.3785,6のつく日・補助,[],見送り,NO BET,見送り,NO BET,見送り,NO BET,見送り,C,見送り,NO BET,見送り,NO BET,見送り,NO BET,見送り,NO BET,見送り,NO BET,見送り,NO BET,見送り,NO BET,見送り,NO BET,見送り,NO BET
2027-02-17,水,見送り,C,副都心線北上,マルハン池袋 SLOT BASE,162.5,112.5,84.5,38,28.0,0.3583,7の日,[],見送り,NO BET,見送り,NO BET,見送り,NO BET,見送り,C,見送り,NO BET,見送り,NO BET,見送り,NO BET,見送り,NO BET,見送り,NO BET,見送り,NO BET,見送り,NO BET,見送り,NO BET,見送り,NO BET
2027-02-18,木,見送り,NO BET,川崎,ベルシティザシティ川崎店,77.0,77.0,49.0,38,28.0,0.1764,平日の8のつく日・直近上昇レジーム,[],見送り,NO BET,見送り,NO BET,見送り,NO BET,見送り,NO BET,見送り,NO BET,見送り,NO BET,見送り,NO BET,見送り,NO BET,見送り,NO BET,見送り,NO BET,見送り,NO BET,見送り,NO BET,見送り,NO BET
2027-02-19,金,見送り,NO BET,池上線,BIGディッパー戸越銀座店,92.9,42.9,34.9,18,8.0,0.3308,9のつく日（絶対水準B）,[],見送り,NO BET,見送り,NO BET,見送り,NO BET,見送り,NO BET,見送り,NO BET,見送り,NO BET,見送り,NO BET,見送り,NO BET,見送り,NO BET,見送り,NO BET,見送り,NO BET,見送り,NO BET,見送り,NO BET
2027-02-20,土,見送り,NO BET,池上線,BIGディッパー戸越銀座店,169.6,119.6,111.6,18,8.0,0.2967,1日・20日（絶対水準）,[],見送り,NO BET,見送り,NO BET,見送り,NO BET,見送り,NO BET,見送り,NO BET,見送り,NO BET,見送り,NO BET,見送り,NO BET,見送り,NO BET,見送り,NO BET,見送り,NO BET,見送り,NO BET,見送り,NO BET
2027-02-21,日,見送り,NO BET,副都心線北上,マルハン池袋 SLOT BASE,431.4,381.4,353.4,38,28.0,0.2399,21日,"[""日曜""]",見送り,NO BET,見送り,NO BET,見送り,NO BET,見送り,NO BET,見送り,NO BET,見送り,NO BET,見送り,NO BET,見送り,NO BET,見送り,NO BET,見送り,NO BET,見送り,NO BET,見送り,NO BET,見送り,NO BET
2027-02-22,月,見送り,NO BET,副都心線北上,マルハン池袋 SLOT BASE,189.1,139.1,111.1,38,28.0,0.2389,22日,[],見送り,NO BET,見送り,NO BET,見送り,NO BET,見送り,NO BET,見送り,NO BET,見送り,NO BET,見送り,NO BET,見送り,NO BET,見送り,NO BET,見送り,NO BET,見送り,NO BET,見送り,NO BET,見送り,NO BET
2027-02-23,火,見送り,NO BET,副都心線北上,マルハン新宿東宝ビル店,158.5,108.5,80.5,38,28.0,0.2696,23日・やばたにえん,"[""祝日""]",見送り,NO BET,見送り,NO BET,見送り,NO BET,見送り,NO BET,見送り,NO BET,見送り,NO BET,見送り,NO BET,見送り,NO BET,見送り,NO BET,見送り,NO BET,見送り,NO BET,見送り,NO BET,見送り,NO BET
2027-02-24,水,見送り,NO BET,京急線,みとや大森町店,163.0,113.0,75.0,48,38.0,0.3149,4のつく日,[],見送り,NO BET,見送り,NO BET,見送り,NO BET,見送り,NO BET,見送り,NO BET,見送り,NO BET,見送り,NO BET,見送り,NO BET,見送り,NO BET,見送り,NO BET,見送り,NO BET,見送り,NO BET,見送り,NO BET
2027-02-25,木,見送り,NO BET,蒲田,マルハンメガシティ2000蒲田7,91.0,41.0,33.0,18,8.0,0.4092,通常ベース,[],見送り,NO BET,見送り,NO BET,見送り,NO BET,見送り,NO BET,見送り,NO BET,見送り,NO BET,見送り,NO BET,見送り,NO BET,見送り,NO BET,見送り,NO BET,見送り,NO BET,見送り,NO BET,見送り,NO BET
2027-02-26,金,見送り,C,副都心線北上,マルハン新宿東宝ビル店,123.1,73.1,45.1,38,28.0,0.3631,6のつく日・補助,[],見送り,NO BET,見送り,NO BET,見送り,NO BET,見送り,C,見送り,NO BET,見送り,NO BET,見送り,NO BET,見送り,NO BET,見送り,NO BET,見送り,NO BET,見送り,NO BET,見送り,NO BET,見送り,NO BET
2027-02-27,土,見送り,NO BET,副都心線北上,YASUDA7（東池袋7号店）,213.7,163.7,135.7,38,28.0,0.311,7のつく日,[],見送り,NO BET,見送り,NO BET,見送り,NO BET,見送り,NO BET,見送り,NO BET,見送り,NO BET,見送り,NO BET,見送り,NO BET,見送り,NO BET,見送り,NO BET,見送り,NO BET,見送り,NO BET,見送り,NO BET
2027-02-28,日,見送り,NO BET,渋谷,楽園渋谷道玄坂店,232.5,182.5,169.5,23,13.0,0.2086,28日,"[""日曜""]",見送り,NO BET,見送り,NO BET,見送り,NO BET,見送り,NO BET,見送り,NO BET,見送り,NO BET,見送り,NO BET,見送り,NO BET,見送り,NO BET,見送り,NO BET,見送り,NO BET,見送り,NO BET,見送り,NO BET
2027-03-01,月,見送り,NO BET,池上線,BIGディッパー戸越銀座店,169.6,119.6,111.6,18,8.0,0.2858,1日・20日（絶対水準）,[],見送り,NO BET,見送り,NO BET,見送り,NO BET,見送り,NO BET,見送り,NO BET,見送り,NO BET,見送り,NO BET,見送り,NO BET,見送り,NO BET,見送り,NO BET,見送り,NO BET,見送り,NO BET,見送り,NO BET
2027-03-02,火,見送り,NO BET,鹿島田,アサヒ2鹿島田店,136.6,136.6,112.6,34,24.0,0.1843,毎月2日・現行運用パッケージ,[],見送り,NO BET,見送り,NO BET,見送り,NO BET,見送り,NO BET,見送り,NO BET,見送り,NO BET,見送り,NO BET,見送り,NO BET,見送り,NO BET,見送り,NO BET,見送り,NO BET,見送り,NO BET,見送り,NO BET
2027-03-03,水,見送り,NO BET,蒲田,マルハンメガシティ2000蒲田7,185.2,135.2,127.2,18,8.0,0.1863,ゾロ目,[],見送り,NO BET,見送り,NO BET,見送り,NO BET,見送り,NO BET,見送り,NO BET,見送り,NO BET,見送り,NO BET,見送り,NO BET,見送り,NO BET,見送り,NO BET,見送り,NO BET,見送り,NO BET,見送り,NO BET
2027-03-04,木,見送り,NO BET,京急線,みとや大森町店,163.0,113.0,75.0,48,38.0,0.3046,4のつく日,[],見送り,NO BET,見送り,NO BET,見送り,NO BET,見送り,NO BET,見送り,NO BET,見送り,NO BET,見送り,NO BET,見送り,NO BET,見送り,NO BET,見送り,NO BET,見送り,NO BET,見送り,NO BET,見送り,NO BET
2027-03-05,金,見送り,NO BET,渋谷,エスパス日拓渋谷駅前新館,213.2,163.2,151.2,22,12.0,0.2586,5日,[],見送り,NO BET,見送り,NO BET,見送り,NO BET,見送り,NO BET,見送り,NO BET,見送り,NO BET,見送り,NO BET,見送り,NO BET,見送り,NO BET,見送り,NO BET,見送り,NO BET,見送り,NO BET,見送り,NO BET
2027-03-06,土,見送り,NO BET,蒲田,マルハンメガシティ2000蒲田7,159.8,109.8,101.8,18,8.0,0.2861,土曜,[],見送り,NO BET,見送り,NO BET,見送り,NO BET,見送り,NO BET,見送り,NO BET,見送り,NO BET,見送り,NO BET,見送り,NO BET,見送り,NO BET,見送り,NO BET,見送り,NO BET,見送り,NO BET,見送り,NO BET
2027-03-07,日,見送り,NO BET,渋谷,エスパス日拓渋谷駅前新館,217.1,167.1,155.1,22,12.0,0.2646,本館閉店後の日曜,[],見送り,NO BET,見送り,NO BET,見送り,NO BET,見送り,NO BET,見送り,NO BET,見送り,NO BET,見送り,NO BET,見送り,NO BET,見送り,NO BET,見送り,NO BET,見送り,NO BET,見送り,NO BET,見送り,NO BET
2027-03-08,月,見送り,NO BET,川崎,ベルシティザシティ川崎店,77.0,77.0,49.0,38,28.0,0.1637,平日の8のつく日・直近上昇レジーム,[],見送り,NO BET,見送り,NO BET,見送り,NO BET,見送り,NO BET,見送り,NO BET,見送り,NO BET,見送り,NO BET,見送り,NO BET,見送り,NO BET,見送り,NO BET,見送り,NO BET,見送り,NO BET,見送り,NO BET
2027-03-09,火,見送り,NO BET,池上線,BIGディッパー戸越銀座店,92.9,42.9,34.9,18,8.0,0.3069,9のつく日（絶対水準B）,[],見送り,NO BET,見送り,NO BET,見送り,NO BET,見送り,NO BET,見送り,NO BET,見送り,NO BET,見送り,NO BET,見送り,NO BET,見送り,NO BET,見送り,NO BET,見送り,NO BET,見送り,NO BET,見送り,NO BET
2027-03-10,水,見送り,NO BET,蒲田,マルハンメガシティ2000蒲田7,91.0,41.0,33.0,18,8.0,0.3877,通常ベース,[],見送り,NO BET,見送り,NO BET,見送り,NO BET,見送り,NO BET,見送り,NO BET,見送り,NO BET,見送り,NO BET,見送り,NO BET,見送り,NO BET,見送り,NO BET,見送り,NO BET,見送り,NO BET,見送り,NO BET
2027-03-11,木,見送り,NO BET,渋谷,エスパス日拓渋谷駅前新館,184.8,134.8,122.8,22,12.0,0.2522,11日,[],見送り,NO BET,見送り,NO BET,見送り,NO BET,見送り,NO BET,見送り,NO BET,見送り,NO BET,見送り,NO BET,見送り,NO BET,見送り,NO BET,見送り,NO BET,見送り,NO BET,見送り,NO BET,見送り,NO BET
2027-03-12,金,見送り,NO BET,蒲田,マルハンメガシティ2000蒲田7,91.0,41.0,33.0,18,8.0,0.3844,通常ベース,[],見送り,NO BET,見送り,NO BET,見送り,NO BET,見送り,NO BET,見送り,NO BET,見送り,NO BET,見送り,NO BET,見送り,NO BET,見送り,NO BET,見送り,NO BET,見送り,NO BET,見送り,NO BET,見送り,NO BET
2027-03-13,土,見送り,NO BET,蒲田,マルハンメガシティ2000蒲田7,159.8,109.8,101.8,18,8.0,0.2779,土曜,[],見送り,NO BET,見送り,NO BET,見送り,NO BET,見送り,NO BET,見送り,NO BET,見送り,NO BET,見送り,NO BET,見送り,NO BET,見送り,NO BET,見送り,NO BET,見送り,NO BET,見送り,NO BET,見送り,NO BET
2027-03-14,日,見送り,NO BET,京急線,みとや大森町店,163.0,113.0,75.0,48,38.0,0.2921,4のつく日,[],見送り,NO BET,見送り,NO BET,見送り,NO BET,見送り,NO BET,見送り,NO BET,見送り,NO BET,見送り,NO BET,見送り,NO BET,見送り,NO BET,見送り,NO BET,見送り,NO BET,見送り,NO BET,見送り,NO BET
2027-03-15,月,見送り,NO BET,蒲田,マルハンメガシティ2000蒲田7,91.0,41.0,33.0,18,8.0,0.3797,通常ベース,[],見送り,NO BET,見送り,NO BET,見送り,NO BET,見送り,NO BET,見送り,NO BET,見送り,NO BET,見送り,NO BET,見送り,NO BET,見送り,NO BET,見送り,NO BET,見送り,NO BET,見送り,NO BET,見送り,NO BET
2027-03-16,火,見送り,NO BET,副都心線北上,マルハン新宿東宝ビル店,123.1,73.1,45.1,38,28.0,0.3368,6のつく日・補助,[],見送り,NO BET,見送り,NO BET,見送り,NO BET,見送り,NO BET,見送り,NO BET,見送り,NO BET,見送り,NO BET,見送り,NO BET,見送り,NO BET,見送り,NO BET,見送り,NO BET,見送り,NO BET,見送り,NO BET
2027-03-17,水,見送り,NO BET,副都心線北上,YASUDA7（東池袋7号店）,213.7,163.7,135.7,38,28.0,0.2885,7のつく日,[],見送り,NO BET,見送り,NO BET,見送り,NO BET,見送り,NO BET,見送り,NO BET,見送り,NO BET,見送り,NO BET,見送り,NO BET,見送り,NO BET,見送り,NO BET,見送り,NO BET,見送り,NO BET,見送り,NO BET
2027-03-18,木,見送り,NO BET,川崎,ベルシティザシティ川崎店,77.0,77.0,49.0,38,28.0,0.157,平日の8のつく日・直近上昇レジーム,[],見送り,NO BET,見送り,NO BET,見送り,NO BET,見送り,NO BET,見送り,NO BET,見送り,NO BET,見送り,NO BET,見送り,NO BET,見送り,NO BET,見送り,NO BET,見送り,NO BET,見送り,NO BET,見送り,NO BET
2027-03-19,金,見送り,NO BET,池上線,BIGディッパー戸越銀座店,92.9,42.9,34.9,18,8.0,0.2944,9のつく日（絶対水準B）,[],見送り,NO BET,見送り,NO BET,見送り,NO BET,見送り,NO BET,見送り,NO BET,見送り,NO BET,見送り,NO BET,見送り,NO BET,見送り,NO BET,見送り,NO BET,見送り,NO BET,見送り,NO BET,見送り,NO BET
2027-03-20,土,見送り,NO BET,池上線,BIGディッパー戸越銀座店,169.6,119.6,111.6,18,8.0,0.2641,1日・20日（絶対水準）,[],見送り,NO BET,見送り,NO BET,見送り,NO BET,見送り,NO BET,見送り,NO BET,見送り,NO BET,見送り,NO BET,見送り,NO BET,見送り,NO BET,見送り,NO BET,見送り,NO BET,見送り,NO BET,見送り,NO BET
2027-03-21,日,見送り,NO BET,副都心線北上,マルハン池袋 SLOT BASE,431.4,381.4,353.4,38,28.0,0.2135,21日,"[""日曜""]",見送り,NO BET,見送り,NO BET,見送り,NO BET,見送り,NO BET,見送り,NO BET,見送り,NO BET,見送り,NO BET,見送り,NO BET,見送り,NO BET,見送り,NO BET,見送り,NO BET,見送り,NO BET,見送り,NO BET
2027-03-22,月,見送り,NO BET,副都心線北上,マルハン池袋 SLOT BASE,189.1,139.1,111.1,38,28.0,0.2126,22日,[],見送り,NO BET,見送り,NO BET,見送り,NO BET,見送り,NO BET,見送り,NO BET,見送り,NO BET,見送り,NO BET,見送り,NO BET,見送り,NO BET,見送り,NO BET,見送り,NO BET,見送り,NO BET,見送り,NO BET
2027-03-23,火,見送り,NO BET,副都心線北上,マルハン新宿東宝ビル店,158.5,108.5,80.5,38,28.0,0.2399,23日・やばたにえん,[],見送り,NO BET,見送り,NO BET,見送り,NO BET,見送り,NO BET,見送り,NO BET,見送り,NO BET,見送り,NO BET,見送り,NO BET,見送り,NO BET,見送り,NO BET,見送り,NO BET,見送り,NO BET,見送り,NO BET
2027-03-24,水,見送り,NO BET,京急線,みとや大森町店,163.0,113.0,75.0,48,38.0,0.2802,4のつく日,[],見送り,NO BET,見送り,NO BET,見送り,NO BET,見送り,NO BET,見送り,NO BET,見送り,NO BET,見送り,NO BET,見送り,NO BET,見送り,NO BET,見送り,NO BET,見送り,NO BET,見送り,NO BET,見送り,NO BET
2027-03-25,木,見送り,NO BET,蒲田,マルハンメガシティ2000蒲田7,91.0,41.0,33.0,18,8.0,0.3642,通常ベース,[],見送り,NO BET,見送り,NO BET,見送り,NO BET,見送り,NO BET,見送り,NO BET,見送り,NO BET,見送り,NO BET,見送り,NO BET,見送り,NO BET,見送り,NO BET,見送り,NO BET,見送り,NO BET,見送り,NO BET
2027-03-26,金,見送り,NO BET,副都心線北上,マルハン池袋 SLOT BASE,213.7,163.7,135.7,38,28.0,0.1974,26日,[],見送り,NO BET,見送り,NO BET,見送り,NO BET,見送り,NO BET,見送り,NO BET,見送り,NO BET,見送り,NO BET,見送り,NO BET,見送り,NO BET,見送り,NO BET,見送り,NO BET,見送り,NO BET,見送り,NO BET
2027-03-27,土,見送り,NO BET,副都心線北上,YASUDA7（東池袋7号店）,213.7,163.7,135.7,38,28.0,0.2767,7のつく日,[],見送り,NO BET,見送り,NO BET,見送り,NO BET,見送り,NO BET,見送り,NO BET,見送り,NO BET,見送り,NO BET,見送り,NO BET,見送り,NO BET,見送り,NO BET,見送り,NO BET,見送り,NO BET,見送り,NO BET
2027-03-28,日,見送り,NO BET,渋谷,楽園渋谷道玄坂店,232.5,182.5,169.5,23,13.0,0.1856,28日,"[""日曜""]",見送り,NO BET,見送り,NO BET,見送り,NO BET,見送り,NO BET,見送り,NO BET,見送り,NO BET,見送り,NO BET,見送り,NO BET,見送り,NO BET,見送り,NO BET,見送り,NO BET,見送り,NO BET,見送り,NO BET
2027-03-29,月,見送り,NO BET,池上線,BIGディッパー戸越銀座店,92.9,42.9,34.9,18,8.0,0.2824,9のつく日（絶対水準B）,[],見送り,NO BET,見送り,NO BET,見送り,NO BET,見送り,NO BET,見送り,NO BET,見送り,NO BET,見送り,NO BET,見送り,NO BET,見送り,NO BET,見送り,NO BET,見送り,NO BET,見送り,NO BET,見送り,NO BET
2027-03-30,火,見送り,NO BET,蒲田,マルハンメガシティ2000蒲田7,271.0,221.0,213.0,18,8.0,0.2056,30日,[],見送り,NO BET,見送り,NO BET,見送り,NO BET,見送り,NO BET,見送り,NO BET,見送り,NO BET,見送り,NO BET,見送り,NO BET,見送り,NO BET,見送り,NO BET,見送り,NO BET,見送り,NO BET,見送り,NO BET
2027-03-31,水,見送り,NO BET,副都心線北上,マルハン新宿東宝ビル店,239.1,189.1,161.1,38,28.0,0.1805,31日・隠れ看板,[],見送り,NO BET,見送り,NO BET,見送り,NO BET,見送り,NO BET,見送り,NO BET,見送り,NO BET,見送り,NO BET,見送り,NO BET,見送り,NO BET,見送り,NO BET,見送り,NO BET,見送り,NO BET,見送り,NO BET
2027-04-01,木,見送り,NO BET,池上線,BIGディッパー戸越銀座店,169.6,119.6,111.6,18,8.0,0.2512,1日・20日（絶対水準）,[],見送り,NO BET,見送り,NO BET,見送り,NO BET,見送り,NO BET,見送り,NO BET,見送り,NO BET,見送り,NO BET,見送り,NO BET,見送り,NO BET,見送り,NO BET,見送り,NO BET,見送り,NO BET,見送り,NO BET
2027-04-02,金,見送り,NO BET,鹿島田,アサヒ2鹿島田店,136.6,136.6,112.6,34,24.0,0.162,毎月2日・現行運用パッケージ,[],見送り,NO BET,見送り,NO BET,見送り,NO BET,見送り,NO BET,見送り,NO BET,見送り,NO BET,見送り,NO BET,見送り,NO BET,見送り,NO BET,見送り,NO BET,見送り,NO BET,見送り,NO BET,見送り,NO BET
2027-04-03,土,見送り,NO BET,蒲田,マルハンメガシティ2000蒲田7,159.8,109.8,101.8,18,8.0,0.2546,土曜,[],見送り,NO BET,見送り,NO BET,見送り,NO BET,見送り,NO BET,見送り,NO BET,見送り,NO BET,見送り,NO BET,見送り,NO BET,見送り,NO BET,見送り,NO BET,見送り,NO BET,見送り,NO BET,見送り,NO BET
2027-04-04,日,見送り,NO BET,蒲田,マルハンメガシティ2000蒲田7,185.2,135.2,127.2,18,8.0,0.163,ゾロ目,"[""日曜""]",見送り,NO BET,見送り,NO BET,見送り,NO BET,見送り,NO BET,見送り,NO BET,見送り,NO BET,見送り,NO BET,見送り,NO BET,見送り,NO BET,見送り,NO BET,見送り,NO BET,見送り,NO BET,見送り,NO BET
2027-04-05,月,見送り,NO BET,渋谷,エスパス日拓渋谷駅前新館,213.2,163.2,151.2,22,12.0,0.2273,5日,[],見送り,NO BET,見送り,NO BET,見送り,NO BET,見送り,NO BET,見送り,NO BET,見送り,NO BET,見送り,NO BET,見送り,NO BET,見送り,NO BET,見送り,NO BET,見送り,NO BET,見送り,NO BET,見送り,NO BET
2027-04-06,火,見送り,NO BET,副都心線北上,マルハン新宿東宝ビル店,123.1,73.1,45.1,38,28.0,0.3086,6のつく日・補助,[],見送り,NO BET,見送り,NO BET,見送り,NO BET,見送り,NO BET,見送り,NO BET,見送り,NO BET,見送り,NO BET,見送り,NO BET,見送り,NO BET,見送り,NO BET,見送り,NO BET,見送り,NO BET,見送り,NO BET
2027-04-07,水,見送り,NO BET,副都心線北上,YASUDA7（東池袋7号店）,213.7,163.7,135.7,38,28.0,0.2643,7のつく日,[],見送り,NO BET,見送り,NO BET,見送り,NO BET,見送り,NO BET,見送り,NO BET,見送り,NO BET,見送り,NO BET,見送り,NO BET,見送り,NO BET,見送り,NO BET,見送り,NO BET,見送り,NO BET,見送り,NO BET
2027-04-08,木,見送り,NO BET,川崎,ベルシティザシティ川崎店,77.0,77.0,49.0,38,28.0,0.1439,平日の8のつく日・直近上昇レジーム,[],見送り,NO BET,見送り,NO BET,見送り,NO BET,見送り,NO BET,見送り,NO BET,見送り,NO BET,見送り,NO BET,見送り,NO BET,見送り,NO BET,見送り,NO BET,見送り,NO BET,見送り,NO BET,見送り,NO BET
2027-04-09,金,見送り,NO BET,池上線,BIGディッパー戸越銀座店,92.9,42.9,34.9,18,8.0,0.2697,9のつく日（絶対水準B）,[],見送り,NO BET,見送り,NO BET,見送り,NO BET,見送り,NO BET,見送り,NO BET,見送り,NO BET,見送り,NO BET,見送り,NO BET,見送り,NO BET,見送り,NO BET,見送り,NO BET,見送り,NO BET,見送り,NO BET
2027-04-10,土,見送り,NO BET,蒲田,マルハンメガシティ2000蒲田7,159.8,109.8,101.8,18,8.0,0.2473,土曜,[],見送り,NO BET,見送り,NO BET,見送り,NO BET,見送り,NO BET,見送り,NO BET,見送り,NO BET,見送り,NO BET,見送り,NO BET,見送り,NO BET,見送り,NO BET,見送り,NO BET,見送り,NO BET,見送り,NO BET
2027-04-11,日,見送り,NO BET,渋谷,エスパス日拓渋谷駅前新館,184.8,134.8,122.8,22,12.0,0.2216,11日,[],見送り,NO BET,見送り,NO BET,見送り,NO BET,見送り,NO BET,見送り,NO BET,見送り,NO BET,見送り,NO BET,見送り,NO BET,見送り,NO BET,見送り,NO BET,見送り,NO BET,見送り,NO BET,見送り,NO BET
2027-04-12,月,見送り,NO BET,蒲田,マルハンメガシティ2000蒲田7,91.0,41.0,33.0,18,8.0,0.3379,通常ベース,[],見送り,NO BET,見送り,NO BET,見送り,NO BET,見送り,NO BET,見送り,NO BET,見送り,NO BET,見送り,NO BET,見送り,NO BET,見送り,NO BET,見送り,NO BET,見送り,NO BET,見送り,NO BET,見送り,NO BET
2027-04-13,火,見送り,NO BET,蒲田,マルハンメガシティ2000蒲田7,91.0,41.0,33.0,18,8.0,0.3365,通常ベース,[],見送り,NO BET,見送り,NO BET,見送り,NO BET,見送り,NO BET,見送り,NO BET,見送り,NO BET,見送り,NO BET,見送り,NO BET,見送り,NO BET,見送り,NO BET,見送り,NO BET,見送り,NO BET,見送り,NO BET
2027-04-14,水,見送り,NO BET,京急線,みとや大森町店,163.0,113.0,75.0,48,38.0,0.2567,4のつく日,[],見送り,NO BET,見送り,NO BET,見送り,NO BET,見送り,NO BET,見送り,NO BET,見送り,NO BET,見送り,NO BET,見送り,NO BET,見送り,NO BET,見送り,NO BET,見送り,NO BET,見送り,NO BET,見送り,NO BET
2027-04-15,木,見送り,NO BET,蒲田,マルハンメガシティ2000蒲田7,91.0,41.0,33.0,18,8.0,0.3337,通常ベース,[],見送り,NO BET,見送り,NO BET,見送り,NO BET,見送り,NO BET,見送り,NO BET,見送り,NO BET,見送り,NO BET,見送り,NO BET,見送り,NO BET,見送り,NO BET,見送り,NO BET,見送り,NO BET,見送り,NO BET
2027-04-16,金,見送り,NO BET,副都心線北上,マルハン新宿東宝ビル店,123.1,73.1,45.1,38,28.0,0.296,6のつく日・補助,[],見送り,NO BET,見送り,NO BET,見送り,NO BET,見送り,NO BET,見送り,NO BET,見送り,NO BET,見送り,NO BET,見送り,NO BET,見送り,NO BET,見送り,NO BET,見送り,NO BET,見送り,NO BET,見送り,NO BET
2027-04-17,土,見送り,NO BET,副都心線北上,YASUDA7（東池袋7号店）,213.7,163.7,135.7,38,28.0,0.2535,7のつく日,[],見送り,NO BET,見送り,NO BET,見送り,NO BET,見送り,NO BET,見送り,NO BET,見送り,NO BET,見送り,NO BET,見送り,NO BET,見送り,NO BET,見送り,NO BET,見送り,NO BET,見送り,NO BET,見送り,NO BET
2027-04-18,日,見送り,NO BET,渋谷,エスパス日拓渋谷駅前新館,217.1,167.1,155.1,22,12.0,0.2221,本館閉店後の日曜,[],見送り,NO BET,見送り,NO BET,見送り,NO BET,見送り,NO BET,見送り,NO BET,見送り,NO BET,見送り,NO BET,見送り,NO BET,見送り,NO BET,見送り,NO BET,見送り,NO BET,見送り,NO BET,見送り,NO BET
2027-04-19,月,見送り,NO BET,池上線,BIGディッパー戸越銀座店,92.9,42.9,34.9,18,8.0,0.2587,9のつく日（絶対水準B）,[],見送り,NO BET,見送り,NO BET,見送り,NO BET,見送り,NO BET,見送り,NO BET,見送り,NO BET,見送り,NO BET,見送り,NO BET,見送り,NO BET,見送り,NO BET,見送り,NO BET,見送り,NO BET,見送り,NO BET
2027-04-20,火,見送り,NO BET,池上線,BIGディッパー戸越銀座店,169.6,119.6,111.6,18,8.0,0.2321,1日・20日（絶対水準）,[],見送り,NO BET,見送り,NO BET,見送り,NO BET,見送り,NO BET,見送り,NO BET,見送り,NO BET,見送り,NO BET,見送り,NO BET,見送り,NO BET,見送り,NO BET,見送り,NO BET,見送り,NO BET,見送り,NO BET
2027-04-21,水,見送り,NO BET,副都心線北上,マルハン池袋 SLOT BASE,431.4,381.4,353.4,38,28.0,0.1876,21日,[],見送り,NO BET,見送り,NO BET,見送り,NO BET,見送り,NO BET,見送り,NO BET,見送り,NO BET,見送り,NO BET,見送り,NO BET,見送り,NO BET,見送り,NO BET,見送り,NO BET,見送り,NO BET,見送り,NO BET
2027-04-22,木,見送り,NO BET,副都心線北上,マルハン池袋 SLOT BASE,189.1,139.1,111.1,38,28.0,0.1868,22日,[],見送り,NO BET,見送り,NO BET,見送り,NO BET,見送り,NO BET,見送り,NO BET,見送り,NO BET,見送り,NO BET,見送り,NO BET,見送り,NO BET,見送り,NO BET,見送り,NO BET,見送り,NO BET,見送り,NO BET
2027-04-23,金,見送り,NO BET,副都心線北上,マルハン新宿東宝ビル店,158.5,108.5,80.5,38,28.0,0.2108,23日・やばたにえん,[],見送り,NO BET,見送り,NO BET,見送り,NO BET,見送り,NO BET,見送り,NO BET,見送り,NO BET,見送り,NO BET,見送り,NO BET,見送り,NO BET,見送り,NO BET,見送り,NO BET,見送り,NO BET,見送り,NO BET
2027-04-24,土,見送り,NO BET,副都心線北上,マルハン新宿東宝ビル店,294.8,244.8,216.8,38,28.0,0.0954,周年4/24,"[""土曜""]",見送り,NO BET,見送り,NO BET,見送り,NO BET,見送り,NO BET,見送り,NO BET,見送り,NO BET,見送り,NO BET,見送り,NO BET,見送り,NO BET,見送り,NO BET,見送り,NO BET,見送り,NO BET,見送り,NO BET
2027-04-25,日,見送り,NO BET,渋谷,エスパス日拓渋谷駅前新館,217.1,167.1,155.1,22,12.0,0.2157,本館閉店後の日曜,[],見送り,NO BET,見送り,NO BET,見送り,NO BET,見送り,NO BET,見送り,NO BET,見送り,NO BET,見送り,NO BET,見送り,NO BET,見送り,NO BET,見送り,NO BET,見送り,NO BET,見送り,NO BET,見送り,NO BET
2027-04-26,月,見送り,NO BET,副都心線北上,マルハン池袋 SLOT BASE,338.0,288.0,260.0,38,28.0,0.0694,周年4/26,[],見送り,NO BET,見送り,NO BET,見送り,NO BET,見送り,NO BET,見送り,NO BET,見送り,NO BET,見送り,NO BET,見送り,NO BET,見送り,NO BET,見送り,NO BET,見送り,NO BET,見送り,NO BET,見送り,NO BET
2027-04-27,火,見送り,NO BET,副都心線北上,YASUDA7（東池袋7号店）,213.7,163.7,135.7,38,28.0,0.2432,7のつく日,[],見送り,NO BET,見送り,NO BET,見送り,NO BET,見送り,NO BET,見送り,NO BET,見送り,NO BET,見送り,NO BET,見送り,NO BET,見送り,NO BET,見送り,NO BET,見送り,NO BET,見送り,NO BET,見送り,NO BET
2027-04-28,水,見送り,NO BET,渋谷,楽園渋谷道玄坂店,232.5,182.5,169.5,23,13.0,0.1631,28日,[],見送り,NO BET,見送り,NO BET,見送り,NO BET,見送り,NO BET,見送り,NO BET,見送り,NO BET,見送り,NO BET,見送り,NO BET,見送り,NO BET,見送り,NO BET,見送り,NO BET,見送り,NO BET,見送り,NO BET
2027-04-29,木,見送り,NO BET,池上線,BIGディッパー戸越銀座店,92.9,42.9,34.9,18,8.0,0.2482,9のつく日（絶対水準B）,"[""祝日"", ""ゴールデンウィーク""]",見送り,NO BET,見送り,NO BET,見送り,NO BET,見送り,NO BET,見送り,NO BET,見送り,NO BET,見送り,NO BET,見送り,NO BET,見送り,NO BET,見送り,NO BET,見送り,NO BET,見送り,NO BET,見送り,NO BET
2027-04-30,金,見送り,NO BET,蒲田,マルハンメガシティ2000蒲田7,271.0,221.0,213.0,18,8.0,0.1807,30日,[],見送り,NO BET,見送り,NO BET,見送り,NO BET,見送り,NO BET,見送り,NO BET,見送り,NO BET,見送り,NO BET,見送り,NO BET,見送り,NO BET,見送り,NO BET,見送り,NO BET,見送り,NO BET,見送り,NO BET
2027-05-01,土,見送り,NO BET,池上線,BIGディッパー戸越銀座店,169.6,119.6,111.6,18,8.0,0.2217,1日・20日（絶対水準）,"[""ゴールデンウィーク""]",見送り,NO BET,見送り,NO BET,見送り,NO BET,見送り,NO BET,見送り,NO BET,見送り,NO BET,見送り,NO BET,見送り,NO BET,見送り,NO BET,見送り,NO BET,見送り,NO BET,見送り,NO BET,見送り,NO BET
2027-05-02,日,見送り,NO BET,渋谷,エスパス日拓渋谷駅前新館,217.1,167.1,155.1,22,12.0,0.2095,本館閉店後の日曜,"[""ゴールデンウィーク""]",見送り,NO BET,見送り,NO BET,見送り,NO BET,見送り,NO BET,見送り,NO BET,見送り,NO BET,見送り,NO BET,見送り,NO BET,見送り,NO BET,見送り,NO BET,見送り,NO BET,見送り,NO BET,見送り,NO BET
2027-05-03,月,見送り,NO BET,センター南,ジアスセンター南,99.8,99.8,66.8,43,33.0,0.027,周年5月3日（単年B・接近後追試）,"[""祝日"", ""ゴールデンウィーク""]",見送り,NO BET,見送り,NO BET,見送り,NO BET,見送り,NO BET,見送り,NO BET,見送り,NO BET,見送り,NO BET,見送り,NO BET,見送り,NO BET,見送り,NO BET,見送り,NO BET,見送り,NO BET,見送り,NO BET
2027-05-04,火,見送り,NO BET,京急線,みとや大森町店,163.0,113.0,75.0,48,38.0,0.2362,4のつく日,"[""祝日"", ""ゴールデンウィーク""]",見送り,NO BET,見送り,NO BET,見送り,NO BET,見送り,NO BET,見送り,NO BET,見送り,NO BET,見送り,NO BET,見送り,NO BET,見送り,NO BET,見送り,NO BET,見送り,NO BET,見送り,NO BET,見送り,NO BET
2027-05-05,水,見送り,NO BET,蒲田,マルハンメガシティ2000蒲田7,185.2,135.2,127.2,18,8.0,0.1433,ゾロ目,[],見送り,NO BET,見送り,NO BET,見送り,NO BET,見送り,NO BET,見送り,NO BET,見送り,NO BET,見送り,NO BET,見送り,NO BET,見送り,NO BET,見送り,NO BET,見送り,NO BET,見送り,NO BET,見送り,NO BET
2027-05-06,木,見送り,NO BET,副都心線北上,マルハン新宿東宝ビル店,123.1,73.1,45.1,38,28.0,0.2724,6のつく日・補助,[],見送り,NO BET,見送り,NO BET,見送り,NO BET,見送り,NO BET,見送り,NO BET,見送り,NO BET,見送り,NO BET,見送り,NO BET,見送り,NO BET,見送り,NO BET,見送り,NO BET,見送り,NO BET,見送り,NO BET
2027-05-07,金,見送り,NO BET,副都心線北上,YASUDA7（東池袋7号店）,213.7,163.7,135.7,38,28.0,0.2333,7のつく日,[],見送り,NO BET,見送り,NO BET,見送り,NO BET,見送り,NO BET,見送り,NO BET,見送り,NO BET,見送り,NO BET,見送り,NO BET,見送り,NO BET,見送り,NO BET,見送り,NO BET,見送り,NO BET,見送り,NO BET
2027-05-08,土,見送り,NO BET,蒲田,マルハンメガシティ2000蒲田7,159.8,109.8,101.8,18,8.0,0.2201,土曜,[],見送り,NO BET,見送り,NO BET,見送り,NO BET,見送り,NO BET,見送り,NO BET,見送り,NO BET,見送り,NO BET,見送り,NO BET,見送り,NO BET,見送り,NO BET,見送り,NO BET,見送り,NO BET,見送り,NO BET
2027-05-09,日,見送り,NO BET,渋谷,エスパス日拓渋谷駅前新館,217.1,167.1,155.1,22,12.0,0.2035,本館閉店後の日曜,[],見送り,NO BET,見送り,NO BET,見送り,NO BET,見送り,NO BET,見送り,NO BET,見送り,NO BET,見送り,NO BET,見送り,NO BET,見送り,NO BET,見送り,NO BET,見送り,NO BET,見送り,NO BET,見送り,NO BET
2027-05-10,月,見送り,NO BET,蒲田,マルハンメガシティ2000蒲田7,91.0,41.0,33.0,18,8.0,0.3007,通常ベース,[],見送り,NO BET,見送り,NO BET,見送り,NO BET,見送り,NO BET,見送り,NO BET,見送り,NO BET,見送り,NO BET,見送り,NO BET,見送り,NO BET,見送り,NO BET,見送り,NO BET,見送り,NO BET,見送り,NO BET
2027-05-11,火,見送り,NO BET,渋谷,エスパス日拓渋谷駅前新館,184.8,134.8,122.8,22,12.0,0.1956,11日,[],見送り,NO BET,見送り,NO BET,見送り,NO BET,見送り,NO BET,見送り,NO BET,見送り,NO BET,見送り,NO BET,見送り,NO BET,見送り,NO BET,見送り,NO BET,見送り,NO BET,見送り,NO BET,見送り,NO BET
2027-05-12,水,見送り,NO BET,蒲田,マルハンメガシティ2000蒲田7,91.0,41.0,33.0,18,8.0,0.2982,通常ベース,[],見送り,NO BET,見送り,NO BET,見送り,NO BET,見送り,NO BET,見送り,NO BET,見送り,NO BET,見送り,NO BET,見送り,NO BET,見送り,NO BET,見送り,NO BET,見送り,NO BET,見送り,NO BET,見送り,NO BET
2027-05-13,木,見送り,NO BET,蒲田,マルハンメガシティ2000蒲田7,91.0,41.0,33.0,18,8.0,0.2969,通常ベース,[],見送り,NO BET,見送り,NO BET,見送り,NO BET,見送り,NO BET,見送り,NO BET,見送り,NO BET,見送り,NO BET,見送り,NO BET,見送り,NO BET,見送り,NO BET,見送り,NO BET,見送り,NO BET,見送り,NO BET
2027-05-14,金,見送り,NO BET,京急線,みとや大森町店,163.0,113.0,75.0,48,38.0,0.2266,4のつく日,[],見送り,NO BET,見送り,NO BET,見送り,NO BET,見送り,NO BET,見送り,NO BET,見送り,NO BET,見送り,NO BET,見送り,NO BET,見送り,NO BET,見送り,NO BET,見送り,NO BET,見送り,NO BET,見送り,NO BET
2027-05-15,土,見送り,NO BET,蒲田,マルハンメガシティ2000蒲田7,159.8,109.8,101.8,18,8.0,0.2138,土曜,[],見送り,NO BET,見送り,NO BET,見送り,NO BET,見送り,NO BET,見送り,NO BET,見送り,NO BET,見送り,NO BET,見送り,NO BET,見送り,NO BET,見送り,NO BET,見送り,NO BET,見送り,NO BET,見送り,NO BET
2027-05-16,日,見送り,NO BET,渋谷,エスパス日拓渋谷駅前新館,217.1,167.1,155.1,22,12.0,0.1976,本館閉店後の日曜,[],見送り,NO BET,見送り,NO BET,見送り,NO BET,見送り,NO BET,見送り,NO BET,見送り,NO BET,見送り,NO BET,見送り,NO BET,見送り,NO BET,見送り,NO BET,見送り,NO BET,見送り,NO BET,見送り,NO BET
2027-05-17,月,見送り,NO BET,副都心線北上,YASUDA7（東池袋7号店）,213.7,163.7,135.7,38,28.0,0.2237,7のつく日,[],見送り,NO BET,見送り,NO BET,見送り,NO BET,見送り,NO BET,見送り,NO BET,見送り,NO BET,見送り,NO BET,見送り,NO BET,見送り,NO BET,見送り,NO BET,見送り,NO BET,見送り,NO BET,見送り,NO BET
2027-05-18,火,見送り,NO BET,川崎,ベルシティザシティ川崎店,77.0,77.0,49.0,38,28.0,0.1218,平日の8のつく日・直近上昇レジーム,[],見送り,NO BET,見送り,NO BET,見送り,NO BET,見送り,NO BET,見送り,NO BET,見送り,NO BET,見送り,NO BET,見送り,NO BET,見送り,NO BET,見送り,NO BET,見送り,NO BET,見送り,NO BET,見送り,NO BET
2027-05-19,水,見送り,NO BET,池上線,BIGディッパー戸越銀座店,92.9,42.9,34.9,18,8.0,0.2283,9のつく日（絶対水準B）,[],見送り,NO BET,見送り,NO BET,見送り,NO BET,見送り,NO BET,見送り,NO BET,見送り,NO BET,見送り,NO BET,見送り,NO BET,見送り,NO BET,見送り,NO BET,見送り,NO BET,見送り,NO BET,見送り,NO BET
2027-05-20,木,見送り,NO BET,池上線,BIGディッパー戸越銀座店,169.6,119.6,111.6,18,8.0,0.2048,1日・20日（絶対水準）,[],見送り,NO BET,見送り,NO BET,見送り,NO BET,見送り,NO BET,見送り,NO BET,見送り,NO BET,見送り,NO BET,見送り,NO BET,見送り,NO BET,見送り,NO BET,見送り,NO BET,見送り,NO BET,見送り,NO BET
2027-05-21,金,見送り,NO BET,副都心線北上,マルハン池袋 SLOT BASE,431.4,381.4,353.4,38,28.0,0.1655,21日,[],見送り,NO BET,見送り,NO BET,見送り,NO BET,見送り,NO BET,見送り,NO BET,見送り,NO BET,見送り,NO BET,見送り,NO BET,見送り,NO BET,見送り,NO BET,見送り,NO BET,見送り,NO BET,見送り,NO BET
2027-05-22,土,見送り,NO BET,副都心線北上,マルハン池袋 SLOT BASE,189.1,139.1,111.1,38,28.0,0.1649,22日,[],見送り,NO BET,見送り,NO BET,見送り,NO BET,見送り,NO BET,見送り,NO BET,見送り,NO BET,見送り,NO BET,見送り,NO BET,見送り,NO BET,見送り,NO BET,見送り,NO BET,見送り,NO BET,見送り,NO BET
2027-05-23,日,見送り,NO BET,渋谷,エスパス日拓渋谷駅前新館,217.1,167.1,155.1,22,12.0,0.192,本館閉店後の日曜,[],見送り,NO BET,見送り,NO BET,見送り,NO BET,見送り,NO BET,見送り,NO BET,見送り,NO BET,見送り,NO BET,見送り,NO BET,見送り,NO BET,見送り,NO BET,見送り,NO BET,見送り,NO BET,見送り,NO BET
2027-05-24,月,見送り,NO BET,京急線,みとや大森町店,163.0,113.0,75.0,48,38.0,0.2173,4のつく日,[],見送り,NO BET,見送り,NO BET,見送り,NO BET,見送り,NO BET,見送り,NO BET,見送り,NO BET,見送り,NO BET,見送り,NO BET,見送り,NO BET,見送り,NO BET,見送り,NO BET,見送り,NO BET,見送り,NO BET
2027-05-25,火,見送り,NO BET,鶴見,マルハン鶴見店,123.7,123.7,88.7,45,35.0,0.0403,周年5/25,[],見送り,NO BET,見送り,NO BET,見送り,NO BET,見送り,NO BET,見送り,NO BET,見送り,NO BET,見送り,NO BET,見送り,NO BET,見送り,NO BET,見送り,NO BET,見送り,NO BET,見送り,NO BET,見送り,NO BET
2027-05-26,水,見送り,NO BET,副都心線北上,マルハン池袋 SLOT BASE,213.7,163.7,135.7,38,28.0,0.1531,26日,[],見送り,NO BET,見送り,NO BET,見送り,NO BET,見送り,NO BET,見送り,NO BET,見送り,NO BET,見送り,NO BET,見送り,NO BET,見送り,NO BET,見送り,NO BET,見送り,NO BET,見送り,NO BET,見送り,NO BET
2027-05-27,木,見送り,NO BET,副都心線北上,YASUDA7（東池袋7号店）,213.7,163.7,135.7,38,28.0,0.2146,7のつく日,[],見送り,NO BET,見送り,NO BET,見送り,NO BET,見送り,NO BET,見送り,NO BET,見送り,NO BET,見送り,NO BET,見送り,NO BET,見送り,NO BET,見送り,NO BET,見送り,NO BET,見送り,NO BET,見送り,NO BET
2027-05-28,金,見送り,NO BET,渋谷,楽園渋谷道玄坂店,232.5,182.5,169.5,23,13.0,0.144,28日,[],見送り,NO BET,見送り,NO BET,見送り,NO BET,見送り,NO BET,見送り,NO BET,見送り,NO BET,見送り,NO BET,見送り,NO BET,見送り,NO BET,見送り,NO BET,見送り,NO BET,見送り,NO BET,見送り,NO BET
2027-05-29,土,見送り,NO BET,蒲田,マルハンメガシティ2000蒲田7,159.8,109.8,101.8,18,8.0,0.2016,土曜,[],見送り,NO BET,見送り,NO BET,見送り,NO BET,見送り,NO BET,見送り,NO BET,見送り,NO BET,見送り,NO BET,見送り,NO BET,見送り,NO BET,見送り,NO BET,見送り,NO BET,見送り,NO BET,見送り,NO BET
2027-05-30,日,見送り,NO BET,蒲田,マルハンメガシティ2000蒲田7,271.0,221.0,213.0,18,8.0,0.1595,30日,"[""日曜""]",見送り,NO BET,見送り,NO BET,見送り,NO BET,見送り,NO BET,見送り,NO BET,見送り,NO BET,見送り,NO BET,見送り,NO BET,見送り,NO BET,見送り,NO BET,見送り,NO BET,見送り,NO BET,見送り,NO BET
2027-05-31,月,見送り,NO BET,副都心線北上,マルハン新宿東宝ビル店,239.1,189.1,161.1,38,28.0,0.14,31日・隠れ看板,[],見送り,NO BET,見送り,NO BET,見送り,NO BET,見送り,NO BET,見送り,NO BET,見送り,NO BET,見送り,NO BET,見送り,NO BET,見送り,NO BET,見送り,NO BET,見送り,NO BET,見送り,NO BET,見送り,NO BET
2027-06-01,火,見送り,NO BET,池上線,BIGディッパー戸越銀座店,169.6,119.6,111.6,18,8.0,0.1948,1日・20日（絶対水準）,[],見送り,NO BET,見送り,NO BET,見送り,NO BET,見送り,NO BET,見送り,NO BET,見送り,NO BET,見送り,NO BET,見送り,NO BET,見送り,NO BET,見送り,NO BET,見送り,NO BET,見送り,NO BET,見送り,NO BET
2027-06-02,水,見送り,NO BET,鹿島田,アサヒ2鹿島田店,136.6,136.6,112.6,34,24.0,0.1256,毎月2日・現行運用パッケージ,[],見送り,NO BET,見送り,NO BET,見送り,NO BET,見送り,NO BET,見送り,NO BET,見送り,NO BET,見送り,NO BET,見送り,NO BET,見送り,NO BET,見送り,NO BET,見送り,NO BET,見送り,NO BET,見送り,NO BET
2027-06-03,木,見送り,NO BET,蒲田,マルハンメガシティ2000蒲田7,91.0,41.0,33.0,18,8.0,0.272,通常ベース,[],見送り,NO BET,見送り,NO BET,見送り,NO BET,見送り,NO BET,見送り,NO BET,見送り,NO BET,見送り,NO BET,見送り,NO BET,見送り,NO BET,見送り,NO BET,見送り,NO BET,見送り,NO BET,見送り,NO BET
2027-06-04,金,見送り,NO BET,京急線,みとや大森町店,163.0,113.0,75.0,48,38.0,0.2076,4のつく日,[],見送り,NO BET,見送り,NO BET,見送り,NO BET,見送り,NO BET,見送り,NO BET,見送り,NO BET,見送り,NO BET,見送り,NO BET,見送り,NO BET,見送り,NO BET,見送り,NO BET,見送り,NO BET,見送り,NO BET
2027-06-05,土,見送り,NO BET,渋谷,エスパス日拓渋谷駅前新館,213.2,163.2,151.2,22,12.0,0.1763,5日,[],見送り,NO BET,見送り,NO BET,見送り,NO BET,見送り,NO BET,見送り,NO BET,見送り,NO BET,見送り,NO BET,見送り,NO BET,見送り,NO BET,見送り,NO BET,見送り,NO BET,見送り,NO BET,見送り,NO BET
2027-06-06,日,見送り,NO BET,蒲田,マルハンメガシティ2000蒲田7,185.2,135.2,127.2,18,8.0,0.1254,ゾロ目,"[""日曜""]",見送り,NO BET,見送り,NO BET,見送り,NO BET,見送り,NO BET,見送り,NO BET,見送り,NO BET,見送り,NO BET,見送り,NO BET,見送り,NO BET,見送り,NO BET,見送り,NO BET,見送り,NO BET,見送り,NO BET
2027-06-07,月,見送り,NO BET,副都心線北上,YASUDA7（東池袋7号店）,213.7,163.7,135.7,38,28.0,0.205,7のつく日,[],見送り,NO BET,見送り,NO BET,見送り,NO BET,見送り,NO BET,見送り,NO BET,見送り,NO BET,見送り,NO BET,見送り,NO BET,見送り,NO BET,見送り,NO BET,見送り,NO BET,見送り,NO BET,見送り,NO BET
2027-06-08,火,見送り,NO BET,川崎,ベルシティザシティ川崎店,77.0,77.0,49.0,38,28.0,0.1116,平日の8のつく日・直近上昇レジーム,[],見送り,NO BET,見送り,NO BET,見送り,NO BET,見送り,NO BET,見送り,NO BET,見送り,NO BET,見送り,NO BET,見送り,NO BET,見送り,NO BET,見送り,NO BET,見送り,NO BET,見送り,NO BET,見送り,NO BET
2027-06-09,水,見送り,NO BET,池上線,BIGディッパー戸越銀座店,92.9,42.9,34.9,18,8.0,0.2092,9のつく日（絶対水準B）,[],見送り,NO BET,見送り,NO BET,見送り,NO BET,見送り,NO BET,見送り,NO BET,見送り,NO BET,見送り,NO BET,見送り,NO BET,見送り,NO BET,見送り,NO BET,見送り,NO BET,見送り,NO BET,見送り,NO BET
2027-06-10,木,見送り,NO BET,蒲田,マルハンメガシティ2000蒲田7,91.0,41.0,33.0,18,8.0,0.2642,通常ベース,[],見送り,NO BET,見送り,NO BET,見送り,NO BET,見送り,NO BET,見送り,NO BET,見送り,NO BET,見送り,NO BET,見送り,NO BET,見送り,NO BET,見送り,NO BET,見送り,NO BET,見送り,NO BET,見送り,NO BET
2027-06-11,金,見送り,NO BET,渋谷,エスパス日拓渋谷駅前新館,184.8,134.8,122.8,22,12.0,0.1719,11日,[],見送り,NO BET,見送り,NO BET,見送り,NO BET,見送り,NO BET,見送り,NO BET,見送り,NO BET,見送り,NO BET,見送り,NO BET,見送り,NO BET,見送り,NO BET,見送り,NO BET,見送り,NO BET,見送り,NO BET
2027-06-12,土,見送り,NO BET,蒲田,マルハンメガシティ2000蒲田7,159.8,109.8,101.8,18,8.0,0.1902,土曜,[],見送り,NO BET,見送り,NO BET,見送り,NO BET,見送り,NO BET,見送り,NO BET,見送り,NO BET,見送り,NO BET,見送り,NO BET,見送り,NO BET,見送り,NO BET,見送り,NO BET,見送り,NO BET,見送り,NO BET
2027-06-13,日,見送り,NO BET,渋谷,エスパス日拓渋谷駅前新館,217.1,167.1,155.1,22,12.0,0.1759,本館閉店後の日曜,[],見送り,NO BET,見送り,NO BET,見送り,NO BET,見送り,NO BET,見送り,NO BET,見送り,NO BET,見送り,NO BET,見送り,NO BET,見送り,NO BET,見送り,NO BET,見送り,NO BET,見送り,NO BET,見送り,NO BET
2027-06-14,月,見送り,NO BET,京急線,みとや大森町店,163.0,113.0,75.0,48,38.0,0.1991,4のつく日,[],見送り,NO BET,見送り,NO BET,見送り,NO BET,見送り,NO BET,見送り,NO BET,見送り,NO BET,見送り,NO BET,見送り,NO BET,見送り,NO BET,見送り,NO BET,見送り,NO BET,見送り,NO BET,見送り,NO BET
2027-06-15,火,見送り,NO BET,蒲田,マルハンメガシティ2000蒲田7,91.0,41.0,33.0,18,8.0,0.2588,通常ベース,[],見送り,NO BET,見送り,NO BET,見送り,NO BET,見送り,NO BET,見送り,NO BET,見送り,NO BET,見送り,NO BET,見送り,NO BET,見送り,NO BET,見送り,NO BET,見送り,NO BET,見送り,NO BET,見送り,NO BET
2027-06-16,水,見送り,NO BET,副都心線北上,マルハン新宿東宝ビル店,123.1,73.1,45.1,38,28.0,0.2296,6のつく日・補助,[],見送り,NO BET,見送り,NO BET,見送り,NO BET,見送り,NO BET,見送り,NO BET,見送り,NO BET,見送り,NO BET,見送り,NO BET,見送り,NO BET,見送り,NO BET,見送り,NO BET,見送り,NO BET,見送り,NO BET
2027-06-17,木,見送り,NO BET,副都心線北上,YASUDA7（東池袋7号店）,213.7,163.7,135.7,38,28.0,0.1966,7のつく日,[],見送り,NO BET,見送り,NO BET,見送り,NO BET,見送り,NO BET,見送り,NO BET,見送り,NO BET,見送り,NO BET,見送り,NO BET,見送り,NO BET,見送り,NO BET,見送り,NO BET,見送り,NO BET,見送り,NO BET
2027-06-18,金,見送り,NO BET,川崎,ベルシティザシティ川崎店,77.0,77.0,49.0,38,28.0,0.107,平日の8のつく日・直近上昇レジーム,[],見送り,NO BET,見送り,NO BET,見送り,NO BET,見送り,NO BET,見送り,NO BET,見送り,NO BET,見送り,NO BET,見送り,NO BET,見送り,NO BET,見送り,NO BET,見送り,NO BET,見送り,NO BET,見送り,NO BET
2027-06-19,土,見送り,NO BET,蒲田,マルハンメガシティ2000蒲田7,159.8,109.8,101.8,18,8.0,0.1848,土曜,[],見送り,NO BET,見送り,NO BET,見送り,NO BET,見送り,NO BET,見送り,NO BET,見送り,NO BET,見送り,NO BET,見送り,NO BET,見送り,NO BET,見送り,NO BET,見送り,NO BET,見送り,NO BET,見送り,NO BET
2027-06-20,日,見送り,NO BET,渋谷,エスパス日拓渋谷駅前新館,217.1,167.1,155.1,22,12.0,0.1708,本館閉店後の日曜,[],見送り,NO BET,見送り,NO BET,見送り,NO BET,見送り,NO BET,見送り,NO BET,見送り,NO BET,見送り,NO BET,見送り,NO BET,見送り,NO BET,見送り,NO BET,見送り,NO BET,見送り,NO BET,見送り,NO BET
2027-06-21,月,見送り,NO BET,副都心線北上,マルハン池袋 SLOT BASE,431.4,381.4,353.4,38,28.0,0.1455,21日,[],見送り,NO BET,見送り,NO BET,見送り,NO BET,見送り,NO BET,見送り,NO BET,見送り,NO BET,見送り,NO BET,見送り,NO BET,見送り,NO BET,見送り,NO BET,見送り,NO BET,見送り,NO BET,見送り,NO BET
2027-06-22,火,見送り,NO BET,副都心線北上,マルハン池袋 SLOT BASE,189.1,139.1,111.1,38,28.0,0.1449,22日,[],見送り,NO BET,見送り,NO BET,見送り,NO BET,見送り,NO BET,見送り,NO BET,見送り,NO BET,見送り,NO BET,見送り,NO BET,見送り,NO BET,見送り,NO BET,見送り,NO BET,見送り,NO BET,見送り,NO BET
2027-06-23,水,見送り,NO BET,副都心線北上,マルハン新宿東宝ビル店,158.5,108.5,80.5,38,28.0,0.1635,23日・やばたにえん,[],見送り,NO BET,見送り,NO BET,見送り,NO BET,見送り,NO BET,見送り,NO BET,見送り,NO BET,見送り,NO BET,見送り,NO BET,見送り,NO BET,見送り,NO BET,見送り,NO BET,見送り,NO BET,見送り,NO BET
2027-06-24,木,見送り,NO BET,京急線,みとや大森町店,163.0,113.0,75.0,48,38.0,0.191,4のつく日,[],見送り,NO BET,見送り,NO BET,見送り,NO BET,見送り,NO BET,見送り,NO BET,見送り,NO BET,見送り,NO BET,見送り,NO BET,見送り,NO BET,見送り,NO BET,見送り,NO BET,見送り,NO BET,見送り,NO BET
2027-06-25,金,見送り,NO BET,蒲田,マルハンメガシティ2000蒲田7,91.0,41.0,33.0,18,8.0,0.2482,通常ベース,[],見送り,NO BET,見送り,NO BET,見送り,NO BET,見送り,NO BET,見送り,NO BET,見送り,NO BET,見送り,NO BET,見送り,NO BET,見送り,NO BET,見送り,NO BET,見送り,NO BET,見送り,NO BET,見送り,NO BET
2027-06-26,土,見送り,NO BET,副都心線北上,マルハン池袋 SLOT BASE,213.7,163.7,135.7,38,28.0,0.1346,26日,[],見送り,NO BET,見送り,NO BET,見送り,NO BET,見送り,NO BET,見送り,NO BET,見送り,NO BET,見送り,NO BET,見送り,NO BET,見送り,NO BET,見送り,NO BET,見送り,NO BET,見送り,NO BET,見送り,NO BET
2027-06-27,日,見送り,NO BET,副都心線北上,YASUDA7（東池袋7号店）,213.7,163.7,135.7,38,28.0,0.1886,7のつく日,[],見送り,NO BET,見送り,NO BET,見送り,NO BET,見送り,NO BET,見送り,NO BET,見送り,NO BET,見送り,NO BET,見送り,NO BET,見送り,NO BET,見送り,NO BET,見送り,NO BET,見送り,NO BET,見送り,NO BET
2027-06-28,月,見送り,NO BET,渋谷,楽園渋谷道玄坂店,232.5,182.5,169.5,23,13.0,0.1265,28日,[],見送り,NO BET,見送り,NO BET,見送り,NO BET,見送り,NO BET,見送り,NO BET,見送り,NO BET,見送り,NO BET,見送り,NO BET,見送り,NO BET,見送り,NO BET,見送り,NO BET,見送り,NO BET,見送り,NO BET
2027-06-29,火,見送り,NO BET,池上線,BIGディッパー戸越銀座店,92.9,42.9,34.9,18,8.0,0.1925,9のつく日（絶対水準B）,[],見送り,NO BET,見送り,NO BET,見送り,NO BET,見送り,NO BET,見送り,NO BET,見送り,NO BET,見送り,NO BET,見送り,NO BET,見送り,NO BET,見送り,NO BET,見送り,NO BET,見送り,NO BET,見送り,NO BET
2027-06-30,水,見送り,NO BET,蒲田,マルハンメガシティ2000蒲田7,271.0,221.0,213.0,18,8.0,0.1401,30日,[],見送り,NO BET,見送り,NO BET,見送り,NO BET,見送り,NO BET,見送り,NO BET,見送り,NO BET,見送り,NO BET,見送り,NO BET,見送り,NO BET,見送り,NO BET,見送り,NO BET,見送り,NO BET,見送り,NO BET
2027-07-01,木,見送り,NO BET,池上線,BIGディッパー戸越銀座店,169.6,119.6,111.6,18,8.0,0.1719,1日・20日（絶対水準）,[],見送り,NO BET,見送り,NO BET,見送り,NO BET,見送り,NO BET,見送り,NO BET,見送り,NO BET,見送り,NO BET,見送り,NO BET,見送り,NO BET,見送り,NO BET,見送り,NO BET,見送り,NO BET,見送り,NO BET
2027-07-02,金,見送り,NO BET,鹿島田,アサヒ2鹿島田店,136.6,136.6,112.6,34,24.0,0.1109,毎月2日・現行運用パッケージ,[],見送り,NO BET,見送り,NO BET,見送り,NO BET,見送り,NO BET,見送り,NO BET,見送り,NO BET,見送り,NO BET,見送り,NO BET,見送り,NO BET,見送り,NO BET,見送り,NO BET,見送り,NO BET,見送り,NO BET
2027-07-03,土,見送り,NO BET,蒲田,マルハンメガシティ2000蒲田7,159.8,109.8,101.8,18,8.0,0.1743,土曜,[],見送り,NO BET,見送り,NO BET,見送り,NO BET,見送り,NO BET,見送り,NO BET,見送り,NO BET,見送り,NO BET,見送り,NO BET,見送り,NO BET,見送り,NO BET,見送り,NO BET,見送り,NO BET,見送り,NO BET
2027-07-04,日,見送り,NO BET,渋谷,エスパス日拓渋谷駅前新館,217.1,167.1,155.1,22,12.0,0.1611,本館閉店後の日曜,[],見送り,NO BET,見送り,NO BET,見送り,NO BET,見送り,NO BET,見送り,NO BET,見送り,NO BET,見送り,NO BET,見送り,NO BET,見送り,NO BET,見送り,NO BET,見送り,NO BET,見送り,NO BET,見送り,NO BET
2027-07-05,月,見送り,NO BET,渋谷,エスパス日拓渋谷駅前新館,213.2,163.2,151.2,22,12.0,0.1555,5日,[],見送り,NO BET,見送り,NO BET,見送り,NO BET,見送り,NO BET,見送り,NO BET,見送り,NO BET,見送り,NO BET,見送り,NO BET,見送り,NO BET,見送り,NO BET,見送り,NO BET,見送り,NO BET,見送り,NO BET
2027-07-06,火,見送り,NO BET,副都心線北上,マルハン新宿東宝ビル店,123.1,73.1,45.1,38,28.0,0.2112,6のつく日・補助,[],見送り,NO BET,見送り,NO BET,見送り,NO BET,見送り,NO BET,見送り,NO BET,見送り,NO BET,見送り,NO BET,見送り,NO BET,見送り,NO BET,見送り,NO BET,見送り,NO BET,見送り,NO BET,見送り,NO BET
2027-07-07,水,見送り,NO BET,蒲田,マルハンメガシティ2000蒲田7,252.6,202.6,194.6,18,8.0,0.0286,周年7/7,[],見送り,NO BET,見送り,NO BET,見送り,NO BET,見送り,NO BET,見送り,NO BET,見送り,NO BET,見送り,NO BET,見送り,NO BET,見送り,NO BET,見送り,NO BET,見送り,NO BET,見送り,NO BET,見送り,NO BET
2027-07-08,木,見送り,NO BET,川崎,ベルシティザシティ川崎店,77.0,77.0,49.0,38,28.0,0.0985,平日の8のつく日・直近上昇レジーム,[],見送り,NO BET,見送り,NO BET,見送り,NO BET,見送り,NO BET,見送り,NO BET,見送り,NO BET,見送り,NO BET,見送り,NO BET,見送り,NO BET,見送り,NO BET,見送り,NO BET,見送り,NO BET,見送り,NO BET
2027-07-09,金,見送り,NO BET,池上線,BIGディッパー戸越銀座店,92.9,42.9,34.9,18,8.0,0.1846,9のつく日（絶対水準B）,[],見送り,NO BET,見送り,NO BET,見送り,NO BET,見送り,NO BET,見送り,NO BET,見送り,NO BET,見送り,NO BET,見送り,NO BET,見送り,NO BET,見送り,NO BET,見送り,NO BET,見送り,NO BET,見送り,NO BET
2027-07-10,土,見送り,NO BET,京急線,みとや大森町店,289.2,239.2,201.2,48,38.0,0.0508,周年7/10,[],見送り,NO BET,見送り,NO BET,見送り,NO BET,見送り,NO BET,見送り,NO BET,見送り,NO BET,見送り,NO BET,見送り,NO BET,見送り,NO BET,見送り,NO BET,見送り,NO BET,見送り,NO BET,見送り,NO BET
2027-07-11,日,見送り,NO BET,渋谷,エスパス日拓渋谷駅前新館,184.8,134.8,122.8,22,12.0,0.1517,11日,[],見送り,NO BET,見送り,NO BET,見送り,NO BET,見送り,NO BET,見送り,NO BET,見送り,NO BET,見送り,NO BET,見送り,NO BET,見送り,NO BET,見送り,NO BET,見送り,NO BET,見送り,NO BET,見送り,NO BET
2027-07-12,月,見送り,NO BET,蒲田,マルハンメガシティ2000蒲田7,91.0,41.0,33.0,18,8.0,0.2312,通常ベース,[],見送り,NO BET,見送り,NO BET,見送り,NO BET,見送り,NO BET,見送り,NO BET,見送り,NO BET,見送り,NO BET,見送り,NO BET,見送り,NO BET,見送り,NO BET,見送り,NO BET,見送り,NO BET,見送り,NO BET
2027-07-13,火,見送り,NO BET,蒲田,マルハンメガシティ2000蒲田7,91.0,41.0,33.0,18,8.0,0.2303,通常ベース,[],見送り,NO BET,見送り,NO BET,見送り,NO BET,見送り,NO BET,見送り,NO BET,見送り,NO BET,見送り,NO BET,見送り,NO BET,見送り,NO BET,見送り,NO BET,見送り,NO BET,見送り,NO BET,見送り,NO BET
2027-07-14,水,見送り,NO BET,川崎,ベルシティザシティ川崎店,114.7,114.7,86.7,38,28.0,0.02,周年7月14日（2026確定値待ち）,[],見送り,NO BET,見送り,NO BET,見送り,NO BET,見送り,NO BET,見送り,NO BET,見送り,NO BET,見送り,NO BET,見送り,NO BET,見送り,NO BET,見送り,NO BET,見送り,NO BET,見送り,NO BET,見送り,NO BET
